id,user_id,source,campaign,utm_source,utm_medium,utm_campaign,utm_term,utm_content,fbclid,gclid,msclkid,ttclid,meta_campaign_id,meta_adset_id,meta_ad_id,meta_creative_id,placement,lead_key_used,landing_path,referrer_url,client_ip,user_agent,raw_meta,assessment_started_at,identity_claimed_at,results_viewed_at,created_at,updated_at,club_id,landing_viewed_at
338,,instagram,assessment_launch,instagram,paid_social,assessment_launch,,,,,,,,,,,,true,/ig/start?source=instagram&utm_source=instagram&utm_medium=paid_social&utm_campaign=assessment_launch&campaign=assessment_launch,,86.159.16.203,"Mozilla/5.0 (iPhone; CPU iPhone OS 18_7 like Mac OS X) AppleWebKit/605.1.15 (KHTML, like Gecko) Version/26.3 Mobile/15E148 Safari/604.1","{""utm"": {""utm_medium"": ""paid_social"", ""utm_source"": ""instagram"", ""utm_campaign"": ""assessment_launch""}, ""meta"": {}}",2026-03-10 20:29:26.966689,,,2026-03-10 20:29:26.292224,2026-03-10 20:29:26.966689,,2026-03-10 20:29:26.292224
339,,instagram,assessment_launch,instagram,paid_social,assessment_launch,,,,,,,,,,,,true,/ig/start?source=instagram&utm_source=instagram&utm_medium=paid_social&utm_campaign=assessment_launch&campaign=assessment_launch,,31.94.66.127,"Mozilla/5.0 (Macintosh; Intel Mac OS X 10_15_7) AppleWebKit/537.36 (KHTML, like Gecko) Chrome/144.0.0.0 Safari/537.36","{""utm"": {""utm_medium"": ""paid_social"", ""utm_source"": ""instagram"", ""utm_campaign"": ""assessment_launch""}, ""meta"": {}}",2026-03-10 20:35:36.042768,,,2026-03-10 20:35:35.622336,2026-03-10 20:35:36.042768,,2026-03-10 20:35:35.622336
340,,instagram,assessment_launch,instagram,paid_social,assessment_launch,,,,,,,,,,,,true,/ig/start?source=instagram&utm_source=instagram&utm_medium=paid_social&utm_campaign=assessment_launch&campaign=assessment_launch,,31.94.66.127,"Mozilla/5.0 (Macintosh; Intel Mac OS X 10_15_7) AppleWebKit/537.36 (KHTML, like Gecko) Chrome/144.0.0.0 Safari/537.36","{""utm"": {""utm_medium"": ""paid_social"", ""utm_source"": ""instagram"", ""utm_campaign"": ""assessment_launch""}, ""meta"": {}}",2026-03-10 20:37:30.664472,,,2026-03-10 20:37:30.176992,2026-03-10 20:37:30.664472,,2026-03-10 20:37:30.176992
341,,instagram,assessment_launch,instagram,paid_social,assessment_launch,120238321957250765,120238324328080765,PAZXh0bgNhZW0BMABhZGlkAassk6Jy2l1zcnRjBmFwcF9pZA8xMjQwMjQ1NzQyODc0MTQAAafUhNEa9DuK6J1CZ39YlIKDgN6aYD3zqvZm67c42cU4YwXVFcI2nlgCzwR1ng_aem_gxpepnkyBbBx3NjcIpr4kg,,,,,,,,,true,/ig/start?source=instagram&utm_source=instagram&utm_medium=paid_social&utm_campaign=assessment_launch&campaign=assessment_launch&utm_id=120238321957240765&utm_content=120238324328080765&utm_term=120238321957250765&fbclid=PAZXh0bgNhZW0BMABhZGlkAassk6Jy2l1zcnRjBmFwcF9pZA8xMjQwMjQ1NzQyODc0MTQAAafUhNEa9DuK6J1CZ39YlIKDgN6aYD3zqvZm67c42cU4YwXVFcI2nlgCzwR1ng_aem_gxpepnkyBbBx3NjcIpr4kg,,5.67.94.22,"Mozilla/5.0 (iPhone; CPU iPhone OS 18_7 like Mac OS X) AppleWebKit/605.1.15 (KHTML, like Gecko) Mobile/22H311 Instagram 410.1.0.36.70 (iPhone11,2; iOS 18_7_5; en_GB; en-GB; scale=3.00; 1125x2436; IABMV/1; 849447290) NW/8 Safari/604.1","{""utm"": {""utm_term"": ""120238321957250765"", ""utm_medium"": ""paid_social"", ""utm_source"": ""instagram"", ""utm_content"": ""120238324328080765"", ""utm_campaign"": ""assessment_launch""}, ""meta"": {""fbclid"": ""PAZXh0bgNhZW0BMABhZGlkAassk6Jy2l1zcnRjBmFwcF9pZA8xMjQwMjQ1NzQyODc0MTQAAafUhNEa9DuK6J1CZ39YlIKDgN6aYD3zqvZm67c42cU4YwXVFcI2nlgCzwR1ng_aem_gxpepnkyBbBx3NjcIpr4kg""}}",,,,2026-03-11 12:51:24.695749,2026-03-11 12:51:24.695749,1,2026-03-11 12:51:24.695749
342,,instagram,assessment_launch,instagram,paid_social,assessment_launch,,,,,,,,,,,,true,/ig/start?source=instagram&utm_source=instagram&utm_medium=paid_social&utm_campaign=assessment_launch&campaign=assessment_launch,,31.94.66.127,"Mozilla/5.0 (Macintosh; Intel Mac OS X 10_15_7) AppleWebKit/537.36 (KHTML, like Gecko) Chrome/145.0.0.0 Safari/537.36","{""utm"": {""utm_medium"": ""paid_social"", ""utm_source"": ""instagram"", ""utm_campaign"": ""assessment_launch""}}",,,,2026-03-11 12:51:33.307059,2026-03-11 12:51:33.307059,1,2026-03-11 12:51:33.307059
343,,instagram,assessment_launch,instagram,paid_social,assessment_launch,,,fbclid,,,,,,,,,true,/ig/start?source=instagram&utm_source=instagram&utm_medium=paid_social&utm_campaign=assessment_launch&campaign=assessment_launch&fbclid=fbclid,https://adsmanager.facebook.com/,31.94.66.127,"Mozilla/5.0 (Macintosh; Intel Mac OS X 10_15_7) AppleWebKit/537.36 (KHTML, like Gecko) Chrome/145.0.0.0 Safari/537.36","{""utm"": {""utm_medium"": ""paid_social"", ""utm_source"": ""instagram"", ""utm_campaign"": ""assessment_launch""}, ""meta"": {""fbclid"": ""fbclid""}}",2026-03-11 13:51:21.219268,,,2026-03-11 12:54:59.766165,2026-03-11 13:51:21.219268,1,2026-03-11 12:54:59.766165
344,,instagram,assessment_launch,instagram,paid_social,assessment_launch,120238321957250765,120238324328080765,PAZXh0bgNhZW0BMABhZGlkAassk6Jy2l1zcnRjBmFwcF9pZA8xMjQwMjQ1NzQyODc0MTQAAafiuwixewLIsJmfUIFK1Y6qJO_tPzmp93q_pViMkLrDcXNEkkXsyeVLzPc8nQ_aem_ZXBMuY5Oj0FEj14d45y-vQ,,,,,,,,,true,/ig/start?source=instagram&utm_source=instagram&utm_medium=paid_social&utm_campaign=assessment_launch&campaign=assessment_launch&utm_id=120238321957240765&utm_content=120238324328080765&utm_term=120238321957250765&fbclid=PAZXh0bgNhZW0BMABhZGlkAassk6Jy2l1zcnRjBmFwcF9pZA8xMjQwMjQ1NzQyODc0MTQAAafiuwixewLIsJmfUIFK1Y6qJO_tPzmp93q_pViMkLrDcXNEkkXsyeVLzPc8nQ_aem_ZXBMuY5Oj0FEj14d45y-vQ,,157.231.105.90,"Mozilla/5.0 (iPhone; CPU iPhone OS 18_7 like Mac OS X) AppleWebKit/605.1.15 (KHTML, like Gecko) Mobile/23C71 Instagram 419.0.0.27.74 (iPhone17,3; iOS 26_2_1; en_GB; en-GB; scale=3.00; 1179x2556; IABMV/1; 895010607) NW/9 Safari/604.1","{""utm"": {""utm_term"": ""120238321957250765"", ""utm_medium"": ""paid_social"", ""utm_source"": ""instagram"", ""utm_content"": ""120238324328080765"", ""utm_campaign"": ""assessment_launch""}, ""meta"": {""fbclid"": ""PAZXh0bgNhZW0BMABhZGlkAassk6Jy2l1zcnRjBmFwcF9pZA8xMjQwMjQ1NzQyODc0MTQAAafiuwixewLIsJmfUIFK1Y6qJO_tPzmp93q_pViMkLrDcXNEkkXsyeVLzPc8nQ_aem_ZXBMuY5Oj0FEj14d45y-vQ""}}",,,,2026-03-11 13:06:27.165832,2026-03-11 13:06:27.165832,1,2026-03-11 13:06:27.165832
345,,instagram,assessment_launch,instagram,paid_social,assessment_launch,,,,,,,,,,,,true,/ig/start?source=instagram&utm_source=instagram&utm_medium=paid_social&utm_campaign=assessment_launch&campaign=assessment_launch,,173.252.82.11,facebookexternalhit/1.1 (+http://www.facebook.com/externalhit_uatext.php),"{""utm"": {""utm_medium"": ""paid_social"", ""utm_source"": ""instagram"", ""utm_campaign"": ""assessment_launch""}}",,,,2026-03-11 13:06:41.907069,2026-03-11 13:06:41.907069,1,2026-03-11 13:06:41.907069
346,,instagram,assessment_launch,instagram,paid_social,assessment_launch,120238321957250765,120238324328080765,PAZXh0bgNhZW0BMABhZGlkAassk6Jy2l1zcnRjBmFwcF9pZA8xMjQwMjQ1NzQyODc0MTQAAacHiyKthA_-rhshYESIU6g-u5VKlY7A_sUHkX9jxWdJyxUfi3eo3NMtqis1AA_aem_XvJ2-WtkHV3RQioa60HfAA,,,,,,,,,true,/ig/start?source=instagram&utm_source=instagram&utm_medium=paid_social&utm_campaign=assessment_launch&campaign=assessment_launch&utm_id=120238321957240765&utm_content=120238324328080765&utm_term=120238321957250765&fbclid=PAZXh0bgNhZW0BMABhZGlkAassk6Jy2l1zcnRjBmFwcF9pZA8xMjQwMjQ1NzQyODc0MTQAAacHiyKthA_-rhshYESIU6g-u5VKlY7A_sUHkX9jxWdJyxUfi3eo3NMtqis1AA_aem_XvJ2-WtkHV3RQioa60HfAA,,176.25.76.70,"Mozilla/5.0 (iPhone; CPU iPhone OS 18_7 like Mac OS X) AppleWebKit/605.1.15 (KHTML, like Gecko) Mobile/23D8133 Instagram 419.0.0.27.74 (iPhone14,2; iOS 26_3_1; en_GB; en-GB; scale=3.00; 1170x2532; IABMV/1; 895010607) Safari/604.1","{""utm"": {""utm_term"": ""120238321957250765"", ""utm_medium"": ""paid_social"", ""utm_source"": ""instagram"", ""utm_content"": ""120238324328080765"", ""utm_campaign"": ""assessment_launch""}, ""meta"": {""fbclid"": ""PAZXh0bgNhZW0BMABhZGlkAassk6Jy2l1zcnRjBmFwcF9pZA8xMjQwMjQ1NzQyODc0MTQAAacHiyKthA_-rhshYESIU6g-u5VKlY7A_sUHkX9jxWdJyxUfi3eo3NMtqis1AA_aem_XvJ2-WtkHV3RQioa60HfAA""}}",,,,2026-03-11 13:33:30.313297,2026-03-11 13:33:30.313297,1,2026-03-11 13:33:30.313297
347,,instagram,assessment_launch,instagram,paid_social,assessment_launch,,,,,,,,,,,,true,/ig/start?source=instagram&utm_source=instagram&utm_medium=paid_social&utm_campaign=assessment_launch&campaign=assessment_launch,,69.171.249.112,facebookexternalhit/1.1 (+http://www.facebook.com/externalhit_uatext.php),"{""utm"": {""utm_medium"": ""paid_social"", ""utm_source"": ""instagram"", ""utm_campaign"": ""assessment_launch""}}",,,,2026-03-11 13:33:48.683294,2026-03-11 13:33:48.683294,1,2026-03-11 13:33:48.683294
348,,instagram,assessment_launch,instagram,paid_social,assessment_launch,120238321957250765,120238324328080765,PAZXh0bgNhZW0BMABhZGlkAassk6Jy2l1zcnRjBmFwcF9pZA81NjcwNjczNDMzNTI0MjcAAacVpvQiOe2yhIfI_jf708eagQo3M_WL7kT5sd6ahcUBXeEA9OO2A6BckyRJHA_aem_RrAcZg_LL-ZOeqXnlO9Xgw,,,,,,,,,true,/ig/start?source=instagram&utm_source=instagram&utm_medium=paid_social&utm_campaign=assessment_launch&campaign=assessment_launch&utm_id=120238321957240765&utm_content=120238324328080765&utm_term=120238321957250765&fbclid=PAZXh0bgNhZW0BMABhZGlkAassk6Jy2l1zcnRjBmFwcF9pZA81NjcwNjczNDMzNTI0MjcAAacVpvQiOe2yhIfI_jf708eagQo3M_WL7kT5sd6ahcUBXeEA9OO2A6BckyRJHA_aem_RrAcZg_LL-ZOeqXnlO9Xgw,http://m.facebook.com/,80.189.164.123,"Mozilla/5.0 (Linux; Android 13; CPH2211 Build/TP1A.220905.001; wv) AppleWebKit/537.36 (KHTML, like Gecko) Version/4.0 Chrome/145.0.7632.154 Mobile Safari/537.36 Instagram 419.0.0.49.71 Android (33/13; 480dpi; 1080x2400; OPPO; CPH2211; OP4F4DL1; mt6853; en_GB; 896334232; IABMV/1)","{""utm"": {""utm_term"": ""120238321957250765"", ""utm_medium"": ""paid_social"", ""utm_source"": ""instagram"", ""utm_content"": ""120238324328080765"", ""utm_campaign"": ""assessment_launch""}, ""meta"": {""fbclid"": ""PAZXh0bgNhZW0BMABhZGlkAassk6Jy2l1zcnRjBmFwcF9pZA81NjcwNjczNDMzNTI0MjcAAacVpvQiOe2yhIfI_jf708eagQo3M_WL7kT5sd6ahcUBXeEA9OO2A6BckyRJHA_aem_RrAcZg_LL-ZOeqXnlO9Xgw""}}",,,,2026-03-11 13:36:21.889231,2026-03-11 13:36:21.889231,1,2026-03-11 13:36:21.889231
349,,instagram,assessment_launch,instagram,paid_social,assessment_launch,120238321957250765,120238324328080765,PAZXh0bgNhZW0BMABhZGlkAassk6Jy2l1zcnRjBmFwcF9pZA81NjcwNjczNDMzNTI0MjcAAacjQ5XYYtlrUejBkuD8KYWVc0TpCd6Ii6AYYAiUTantbPR7rl2QQDlDAinzJg_aem_yLcpocVTtZpg6ROII-SfSw,,,,,,,,,true,/ig/start?source=instagram&utm_source=instagram&utm_medium=paid_social&utm_campaign=assessment_launch&campaign=assessment_launch&utm_id=120238321957240765&utm_content=120238324328080765&utm_term=120238321957250765&fbclid=PAZXh0bgNhZW0BMABhZGlkAassk6Jy2l1zcnRjBmFwcF9pZA81NjcwNjczNDMzNTI0MjcAAacjQ5XYYtlrUejBkuD8KYWVc0TpCd6Ii6AYYAiUTantbPR7rl2QQDlDAinzJg_aem_yLcpocVTtZpg6ROII-SfSw,http://instagram.com/,143.58.170.185,"Mozilla/5.0 (Linux; Android 16; SM-A546E Build/BP2A.250605.031.A3; wv) AppleWebKit/537.36 (KHTML, like Gecko) Version/4.0 Chrome/145.0.7632.154 Mobile Safari/537.36 Instagram 419.0.0.49.71 Android (36/16; 450dpi; 1080x2340; samsung; SM-A546E; a54x; s5e8835; en_GB; 896334232; IABMV/1)","{""utm"": {""utm_term"": ""120238321957250765"", ""utm_medium"": ""paid_social"", ""utm_source"": ""instagram"", ""utm_content"": ""120238324328080765"", ""utm_campaign"": ""assessment_launch""}, ""meta"": {""fbclid"": ""PAZXh0bgNhZW0BMABhZGlkAassk6Jy2l1zcnRjBmFwcF9pZA81NjcwNjczNDMzNTI0MjcAAacjQ5XYYtlrUejBkuD8KYWVc0TpCd6Ii6AYYAiUTantbPR7rl2QQDlDAinzJg_aem_yLcpocVTtZpg6ROII-SfSw""}}",,,,2026-03-11 13:55:27.20557,2026-03-11 13:55:27.20557,1,2026-03-11 13:55:27.20557
350,,instagram,assessment_launch,instagram,paid_social,assessment_launch,,,,,,,,,,,,true,/ig/start?source=instagram&utm_source=instagram&utm_medium=paid_social&utm_campaign=assessment_launch&campaign=assessment_launch,,66.220.149.49,facebookexternalhit/1.1 (+http://www.facebook.com/externalhit_uatext.php),"{""utm"": {""utm_medium"": ""paid_social"", ""utm_source"": ""instagram"", ""utm_campaign"": ""assessment_launch""}}",,,,2026-03-11 14:22:03.385234,2026-03-11 14:22:03.385234,1,2026-03-11 14:22:03.385234
351,,instagram,assessment_launch,instagram,paid_social,assessment_launch,,,,,,,,,,,,true,/ig/start?source=instagram&utm_source=instagram&utm_medium=paid_social&utm_campaign=assessment_launch&campaign=assessment_launch,,173.252.87.16,facebookexternalhit/1.1 (+http://www.facebook.com/externalhit_uatext.php),"{""utm"": {""utm_medium"": ""paid_social"", ""utm_source"": ""instagram"", ""utm_campaign"": ""assessment_launch""}}",,,,2026-03-11 14:22:03.494631,2026-03-11 14:22:03.494631,1,2026-03-11 14:22:03.494631
352,,instagram,assessment_launch,instagram,paid_social,assessment_launch,,,,,,,,,,,,true,/ig/start?source=instagram&utm_source=instagram&utm_medium=paid_social&utm_campaign=assessment_launch&campaign=assessment_launch,,173.252.87.8,facebookexternalhit/1.1 (+http://www.facebook.com/externalhit_uatext.php),"{""utm"": {""utm_medium"": ""paid_social"", ""utm_source"": ""instagram"", ""utm_campaign"": ""assessment_launch""}}",,,,2026-03-11 14:22:05.053065,2026-03-11 14:22:05.053065,1,2026-03-11 14:22:05.053065
353,,instagram,assessment_launch,instagram,paid_social,assessment_launch,,,,,,,,,,,,true,/ig/start?source=instagram&utm_source=instagram&utm_medium=paid_social&utm_campaign=assessment_launch&campaign=assessment_launch,,173.252.127.6,facebookexternalhit/1.1 (+http://www.facebook.com/externalhit_uatext.php),"{""utm"": {""utm_medium"": ""paid_social"", ""utm_source"": ""instagram"", ""utm_campaign"": ""assessment_launch""}}",,,,2026-03-11 14:22:05.192344,2026-03-11 14:22:05.192344,1,2026-03-11 14:22:05.192344
354,,instagram,assessment_launch,instagram,paid_social,assessment_launch,,,,,,,,,,,,true,/ig/start?source=instagram&utm_source=instagram&utm_medium=paid_social&utm_campaign=assessment_launch&campaign=assessment_launch,,66.220.149.45,facebookexternalhit/1.1 (+http://www.facebook.com/externalhit_uatext.php),"{""utm"": {""utm_medium"": ""paid_social"", ""utm_source"": ""instagram"", ""utm_campaign"": ""assessment_launch""}}",,,,2026-03-11 14:22:11.695814,2026-03-11 14:22:11.695814,1,2026-03-11 14:22:11.695814
355,,instagram,assessment_launch,instagram,paid_social,assessment_launch,,,,,,,,,,,,true,/ig/start?source=instagram&utm_source=instagram&utm_medium=paid_social&utm_campaign=assessment_launch&campaign=assessment_launch,,66.220.149.15,facebookexternalhit/1.1 (+http://www.facebook.com/externalhit_uatext.php),"{""utm"": {""utm_medium"": ""paid_social"", ""utm_source"": ""instagram"", ""utm_campaign"": ""assessment_launch""}}",,,,2026-03-11 14:32:15.168207,2026-03-11 14:32:15.168207,1,2026-03-11 14:32:15.168207
356,,instagram,assessment_launch,instagram,paid_social,assessment_launch,120238321957250765,120238324328080765,PAZXh0bgNhZW0BMABhZGlkAassk6Jy2l1zcnRjBmFwcF9pZA81NjcwNjczNDMzNTI0MjcAAafE4Vg4soCCSG3aCe5rO5IGky9oyZjZJz8vSirRc5ec5sr6xybyZDElEWNInw_aem_EzHD-EpjxHv6_78nYt70cA,,,,,,,,,true,/ig/start?source=instagram&utm_source=instagram&utm_medium=paid_social&utm_campaign=assessment_launch&campaign=assessment_launch&utm_id=120238321957240765&utm_content=120238324328080765&utm_term=120238321957250765&fbclid=PAZXh0bgNhZW0BMABhZGlkAassk6Jy2l1zcnRjBmFwcF9pZA81NjcwNjczNDMzNTI0MjcAAafE4Vg4soCCSG3aCe5rO5IGky9oyZjZJz8vSirRc5ec5sr6xybyZDElEWNInw_aem_EzHD-EpjxHv6_78nYt70cA,http://instagram.com/,149.241.202.64,"Mozilla/5.0 (Linux; Android 15; moto g84 5G Build/V1TCS35H.88-16-3; wv) AppleWebKit/537.36 (KHTML, like Gecko) Version/4.0 Chrome/145.0.7632.154 Mobile Safari/537.36 Instagram 419.0.0.49.71 Android (35/15; 400dpi; 1080x2400; motorola; moto g84 5G; bangkk; qcom; en_GB; 896334232; IABMV/1)","{""utm"": {""utm_term"": ""120238321957250765"", ""utm_medium"": ""paid_social"", ""utm_source"": ""instagram"", ""utm_content"": ""120238324328080765"", ""utm_campaign"": ""assessment_launch""}, ""meta"": {""fbclid"": ""PAZXh0bgNhZW0BMABhZGlkAassk6Jy2l1zcnRjBmFwcF9pZA81NjcwNjczNDMzNTI0MjcAAafE4Vg4soCCSG3aCe5rO5IGky9oyZjZJz8vSirRc5ec5sr6xybyZDElEWNInw_aem_EzHD-EpjxHv6_78nYt70cA""}}",,,,2026-03-11 14:36:34.871413,2026-03-11 14:36:34.871413,1,2026-03-11 14:36:34.871413
357,,instagram,assessment_launch,instagram,paid_social,assessment_launch,120238321957250765,120238324542200765,PAZXh0bgNhZW0BMABhZGlkAassk6JO151zcnRjBmFwcF9pZA8xMjQwMjQ1NzQyODc0MTQAAadKmaBZ_1MhvWG0jsNlUdUxGcrxSCma9x0XrhY9cNvR3Jra4YXlPD9bqbiiBQ_aem_ps-2astrppcfSN6ak50N-w,,,,,,,,,true,/ig/start?source=instagram&utm_source=instagram&utm_medium=paid_social&utm_campaign=assessment_launch&campaign=assessment_launch&utm_id=120238321957240765&utm_content=120238324542200765&utm_term=120238321957250765&fbclid=PAZXh0bgNhZW0BMABhZGlkAassk6JO151zcnRjBmFwcF9pZA8xMjQwMjQ1NzQyODc0MTQAAadKmaBZ_1MhvWG0jsNlUdUxGcrxSCma9x0XrhY9cNvR3Jra4YXlPD9bqbiiBQ_aem_ps-2astrppcfSN6ak50N-w,https://instagram.com/,86.3.235.145,"Mozilla/5.0 (iPhone; CPU iPhone OS 18_7 like Mac OS X) AppleWebKit/605.1.15 (KHTML, like Gecko) Mobile/23D127 Instagram 418.2.0.34.75 (iPhone14,2; iOS 26_3; en_GB; en-GB; scale=3.00; 1170x2532; IABMV/1; 893787717) NW/8 Safari/604.1","{""utm"": {""utm_term"": ""120238321957250765"", ""utm_medium"": ""paid_social"", ""utm_source"": ""instagram"", ""utm_content"": ""120238324542200765"", ""utm_campaign"": ""assessment_launch""}, ""meta"": {""fbclid"": ""PAZXh0bgNhZW0BMABhZGlkAassk6JO151zcnRjBmFwcF9pZA8xMjQwMjQ1NzQyODc0MTQAAadKmaBZ_1MhvWG0jsNlUdUxGcrxSCma9x0XrhY9cNvR3Jra4YXlPD9bqbiiBQ_aem_ps-2astrppcfSN6ak50N-w""}}",,,,2026-03-11 14:53:53.171509,2026-03-11 14:53:53.171509,1,2026-03-11 14:53:53.171509
358,,instagram,assessment_launch,instagram,paid_social,assessment_launch,,,,,,,,,,,,true,/ig/start?source=instagram&utm_source=instagram&utm_medium=paid_social&utm_campaign=assessment_launch&campaign=assessment_launch,,173.252.82.1,facebookexternalhit/1.1 (+http://www.facebook.com/externalhit_uatext.php),"{""utm"": {""utm_medium"": ""paid_social"", ""utm_source"": ""instagram"", ""utm_campaign"": ""assessment_launch""}}",,,,2026-03-11 14:54:12.312251,2026-03-11 14:54:12.312251,1,2026-03-11 14:54:12.312251
359,,instagram,assessment_launch,instagram,paid_social,assessment_launch,,,,,,,,,,,,true,/ig/start?source=instagram&utm_source=instagram&utm_medium=paid_social&utm_campaign=assessment_launch&campaign=assessment_launch,,31.94.66.127,"Mozilla/5.0 (Macintosh; Intel Mac OS X 10_15_7) AppleWebKit/537.36 (KHTML, like Gecko) Chrome/145.0.0.0 Safari/537.36","{""utm"": {""utm_medium"": ""paid_social"", ""utm_source"": ""instagram"", ""utm_campaign"": ""assessment_launch""}}",2026-03-11 16:04:11.407481,,,2026-03-11 16:03:37.297217,2026-03-11 16:04:11.407481,1,2026-03-11 16:03:37.297217
360,,instagram,assessment_launch,instagram,paid_social,assessment_launch,,,,,,,,,,,,true,/ig/start?source=instagram&utm_source=instagram&utm_medium=paid_social&utm_campaign=assessment_launch&campaign=assessment_launch,,86.159.16.203,"Mozilla/5.0 (iPhone; CPU iPhone OS 18_7 like Mac OS X) AppleWebKit/605.1.15 (KHTML, like Gecko) Version/26.3 Mobile/15E148 Safari/604.1","{""utm"": {""utm_medium"": ""paid_social"", ""utm_source"": ""instagram"", ""utm_campaign"": ""assessment_launch""}}",2026-03-11 16:08:31.620749,,,2026-03-11 16:08:21.054771,2026-03-11 16:08:31.620749,1,2026-03-11 16:08:21.054771
361,,instagram,assessment_launch,instagram,paid_social,assessment_launch,,,,,,,,,,,,true,/ig/start?source=instagram&utm_source=instagram&utm_medium=paid_social&utm_campaign=assessment_launch&campaign=assessment_launch,,31.94.66.127,"Mozilla/5.0 (iPhone; CPU iPhone OS 26_3_0 like Mac OS X) AppleWebKit/605.1.15 (KHTML, like Gecko) CriOS/145.0.7632.108 Mobile/15E148 Safari/604.1","{""utm"": {""utm_medium"": ""paid_social"", ""utm_source"": ""instagram"", ""utm_campaign"": ""assessment_launch""}}",2026-03-11 16:17:37.310698,,,2026-03-11 16:16:59.214207,2026-03-11 16:17:37.310698,1,2026-03-11 16:16:59.214207
362,,instagram,assessment_launch,instagram,paid_social,assessment_launch,,,,,,,,,,,,true,/ig/start?source=instagram&utm_source=instagram&utm_medium=paid_social&utm_campaign=assessment_launch&campaign=assessment_launch,,86.159.16.203,"Mozilla/5.0 (iPhone; CPU iPhone OS 18_7 like Mac OS X) AppleWebKit/605.1.15 (KHTML, like Gecko) Version/26.3 Mobile/15E148 Safari/604.1","{""utm"": {""utm_medium"": ""paid_social"", ""utm_source"": ""instagram"", ""utm_campaign"": ""assessment_launch""}}",2026-03-11 17:23:28.152283,,,2026-03-11 17:23:19.742134,2026-03-11 17:23:28.152283,1,2026-03-11 17:23:19.742134
363,,instagram,assessment_launch,instagram,paid_social,assessment_launch,,,,,,,,,,,,true,/ig/start?source=instagram&utm_source=instagram&utm_medium=paid_social&utm_campaign=assessment_launch&campaign=assessment_launch,,31.94.66.127,"Mozilla/5.0 (Macintosh; Intel Mac OS X 10_15_7) AppleWebKit/537.36 (KHTML, like Gecko) Chrome/145.0.0.0 Safari/537.36","{""utm"": {""utm_medium"": ""paid_social"", ""utm_source"": ""instagram"", ""utm_campaign"": ""assessment_launch""}}",2026-03-11 18:36:29.100993,2026-03-11 18:46:34.918884,,2026-03-11 18:35:31.158931,2026-03-11 18:46:34.918884,1,2026-03-11 18:35:31.158931
364,,instagram,assessment_launch,instagram,paid_social,assessment_launch,,,,,,,,,,,,true,/ig/start?source=instagram&utm_source=instagram&utm_medium=paid_social&utm_campaign=assessment_launch&campaign=assessment_launch,,31.94.66.127,"Mozilla/5.0 (Macintosh; Intel Mac OS X 10_15_7) AppleWebKit/537.36 (KHTML, like Gecko) Chrome/145.0.0.0 Safari/537.36","{""utm"": {""utm_medium"": ""paid_social"", ""utm_source"": ""instagram"", ""utm_campaign"": ""assessment_launch""}}",2026-03-11 19:07:44.250213,,,2026-03-11 19:07:30.507778,2026-03-11 19:07:44.250213,1,2026-03-11 19:07:30.507778
365,,instagram,assessment_launch,instagram,paid_social,assessment_launch,,,,,,,,,,,,true,/ig/start?source=instagram&utm_source=instagram&utm_medium=paid_social&utm_campaign=assessment_launch&campaign=assessment_launch,,31.94.66.127,"Mozilla/5.0 (Macintosh; Intel Mac OS X 10_15_7) AppleWebKit/537.36 (KHTML, like Gecko) Chrome/145.0.0.0 Safari/537.36","{""utm"": {""utm_medium"": ""paid_social"", ""utm_source"": ""instagram"", ""utm_campaign"": ""assessment_launch""}}",2026-03-11 19:18:54.152886,2026-03-11 19:20:56.58894,2026-03-11 19:21:20.012386,2026-03-11 19:18:31.114818,2026-03-11 19:21:20.012386,1,2026-03-11 19:18:31.114818
366,,instagram,assessment_launch,instagram,paid_social,assessment_launch,,,,,,,,,,,,true,/ig/start?source=instagram&utm_source=instagram&utm_medium=paid_social&utm_campaign=assessment_launch&campaign=assessment_launch,,31.94.66.127,"Mozilla/5.0 (Macintosh; Intel Mac OS X 10_15_7) AppleWebKit/537.36 (KHTML, like Gecko) Chrome/145.0.0.0 Safari/537.36","{""utm"": {""utm_medium"": ""paid_social"", ""utm_source"": ""instagram"", ""utm_campaign"": ""assessment_launch""}}",2026-03-11 19:23:29.734868,,,2026-03-11 19:23:18.757555,2026-03-11 19:23:29.734868,1,2026-03-11 19:23:18.757555
367,,instagram,assessment_launch,instagram,paid_social,assessment_launch,,,,,,,,,,,,true,/ig/start?source=instagram&utm_source=instagram&utm_medium=paid_social&utm_campaign=assessment_launch&campaign=assessment_launch,,31.94.66.127,"Mozilla/5.0 (Macintosh; Intel Mac OS X 10_15_7) AppleWebKit/537.36 (KHTML, like Gecko) Chrome/145.0.0.0 Safari/537.36","{""utm"": {""utm_medium"": ""paid_social"", ""utm_source"": ""instagram"", ""utm_campaign"": ""assessment_launch""}}",,,,2026-03-11 19:34:45.676449,2026-03-11 19:34:45.676449,1,2026-03-11 19:34:45.676449
368,,instagram,assessment_launch,instagram,paid_social,assessment_launch,,,,,,,,,,,,true,/ig/start?source=instagram&utm_source=instagram&utm_medium=paid_social&utm_campaign=assessment_launch&campaign=assessment_launch,,31.94.66.127,"Mozilla/5.0 (Macintosh; Intel Mac OS X 10_15_7) AppleWebKit/537.36 (KHTML, like Gecko) Chrome/145.0.0.0 Safari/537.36","{""utm"": {""utm_medium"": ""paid_social"", ""utm_source"": ""instagram"", ""utm_campaign"": ""assessment_launch""}}",2026-03-11 19:42:21.753417,2026-03-11 19:46:13.969719,2026-03-11 19:46:20.327242,2026-03-11 19:42:07.305947,2026-03-11 19:46:20.327242,1,2026-03-11 19:42:07.305947
369,,instagram,assessment_launch,instagram,paid_social,assessment_launch,,,,,,,,,,,,true,/ig/start?source=instagram&utm_source=instagram&utm_medium=paid_social&utm_campaign=assessment_launch&campaign=assessment_launch,,31.94.66.127,"Mozilla/5.0 (Macintosh; Intel Mac OS X 10_15_7) AppleWebKit/537.36 (KHTML, like Gecko) Chrome/145.0.0.0 Safari/537.36","{""utm"": {""utm_medium"": ""paid_social"", ""utm_source"": ""instagram"", ""utm_campaign"": ""assessment_launch""}}",,,,2026-03-11 19:47:46.627192,2026-03-11 19:47:46.627192,1,2026-03-11 19:47:46.627192
370,,instagram,assessment_launch,instagram,paid_social,assessment_launch,,,,,,,,,,,,true,/ig/start?source=instagram&utm_source=instagram&utm_medium=paid_social&utm_campaign=assessment_launch&campaign=assessment_launch,,31.94.66.127,"Mozilla/5.0 (Macintosh; Intel Mac OS X 10_15_7) AppleWebKit/537.36 (KHTML, like Gecko) Chrome/145.0.0.0 Safari/537.36","{""utm"": {""utm_medium"": ""paid_social"", ""utm_source"": ""instagram"", ""utm_campaign"": ""assessment_launch""}}",2026-03-11 19:48:01.48937,2026-03-11 19:49:13.161404,2026-03-11 19:49:25.768217,2026-03-11 19:47:57.785227,2026-03-11 19:49:25.768217,1,2026-03-11 19:47:57.785227
371,,instagram,assessment_launch,instagram,paid_social,assessment_launch,,,,,,,,,,,,true,/ig/start?source=instagram&utm_source=instagram&utm_medium=paid_social&utm_campaign=assessment_launch&campaign=assessment_launch,,31.94.66.127,"Mozilla/5.0 (Macintosh; Intel Mac OS X 10_15_7) AppleWebKit/537.36 (KHTML, like Gecko) Chrome/145.0.0.0 Safari/537.36","{""utm"": {""utm_medium"": ""paid_social"", ""utm_source"": ""instagram"", ""utm_campaign"": ""assessment_launch""}}",2026-03-11 19:51:53.238435,2026-03-11 19:53:47.195896,2026-03-11 19:53:55.365428,2026-03-11 19:50:58.837586,2026-03-11 19:53:55.365428,1,2026-03-11 19:50:58.837586
372,,instagram,assessment_launch,instagram,paid_social,assessment_launch,,,,,,,,,,,,true,/ig/start?source=instagram&utm_source=instagram&utm_medium=paid_social&utm_campaign=assessment_launch&campaign=assessment_launch,,31.94.66.127,"Mozilla/5.0 (Macintosh; Intel Mac OS X 10_15_7) AppleWebKit/537.36 (KHTML, like Gecko) Chrome/145.0.0.0 Safari/537.36","{""utm"": {""utm_medium"": ""paid_social"", ""utm_source"": ""instagram"", ""utm_campaign"": ""assessment_launch""}}",2026-03-11 20:01:21.097975,2026-03-11 20:03:25.885129,2026-03-11 20:03:58.594997,2026-03-11 20:01:05.643554,2026-03-11 20:03:58.594997,1,2026-03-11 20:01:05.643554
373,,instagram,assessment_launch,instagram,paid_social,assessment_launch,,,,,,,,,,,,true,/ig/start?source=instagram&utm_source=instagram&utm_medium=paid_social&utm_campaign=assessment_launch&campaign=assessment_launch,,31.94.66.127,"Mozilla/5.0 (iPhone; CPU iPhone OS 26_3_0 like Mac OS X) AppleWebKit/605.1.15 (KHTML, like Gecko) CriOS/145.0.7632.108 Mobile/15E148 Safari/604.1","{""utm"": {""utm_medium"": ""paid_social"", ""utm_source"": ""instagram"", ""utm_campaign"": ""assessment_launch""}}",2026-03-11 20:13:30.267308,2026-03-11 20:15:59.917276,2026-03-11 20:16:07.016559,2026-03-11 20:13:22.482845,2026-03-11 20:16:07.016559,1,2026-03-11 20:13:22.482845
374,,instagram,assessment_launch,instagram,paid_social,assessment_launch,120238321957250765,120238623885310765,PAZXh0bgNhZW0BMABhZGlkAassk6KEZo1zcnRjBmFwcF9pZA81NjcwNjczNDMzNTI0MjcAAaduleuCx5lYRorSi-M2DJWq3lyHYLebsauyD3rg07Yh5kYEDMgLUS2cJj8JcQ_aem_PrMlZAwfy3b9_a6bU6OLzw,,,,,,,,,true,/ig/start?source=instagram&utm_source=instagram&utm_medium=paid_social&utm_campaign=assessment_launch&campaign=assessment_launch&utm_id=120238321957240765&utm_content=120238623885310765&utm_term=120238321957250765&fbclid=PAZXh0bgNhZW0BMABhZGlkAassk6KEZo1zcnRjBmFwcF9pZA81NjcwNjczNDMzNTI0MjcAAaduleuCx5lYRorSi-M2DJWq3lyHYLebsauyD3rg07Yh5kYEDMgLUS2cJj8JcQ_aem_PrMlZAwfy3b9_a6bU6OLzw,http://instagram.com/,90.241.57.96,"Mozilla/5.0 (Linux; Android 16; DNY-NX9 Build/HONORDNY-N39; wv) AppleWebKit/537.36 (KHTML, like Gecko) Version/4.0 Chrome/145.0.7632.154 Mobile Safari/537.36 Instagram 419.0.0.49.71 Android (36/16; 560dpi; 1264x2736; HONOR; DNY-NX9; HNDNYX; qcom; en_GB_#u-mu-celsius; 896334238; IABMV/1)","{""utm"": {""utm_term"": ""120238321957250765"", ""utm_medium"": ""paid_social"", ""utm_source"": ""instagram"", ""utm_content"": ""120238623885310765"", ""utm_campaign"": ""assessment_launch""}, ""meta"": {""fbclid"": ""PAZXh0bgNhZW0BMABhZGlkAassk6KEZo1zcnRjBmFwcF9pZA81NjcwNjczNDMzNTI0MjcAAaduleuCx5lYRorSi-M2DJWq3lyHYLebsauyD3rg07Yh5kYEDMgLUS2cJj8JcQ_aem_PrMlZAwfy3b9_a6bU6OLzw""}}",,,,2026-03-11 22:06:19.497824,2026-03-11 22:06:19.497824,1,2026-03-11 22:06:19.497824
375,,instagram,assessment_launch,instagram,paid_social,assessment_launch,120238321957250765,120238623885310765,PAZXh0bgNhZW0BMABhZGlkAassk6KEZo1zcnRjBmFwcF9pZA81NjcwNjczNDMzNTI0MjcAAafYdfs34veQy7fTjs1pLWpX7vc8L0DsxLP1oD4LYPUqlRLYfJAGcq59TnKTbw_aem_qMomOjnoGuCW9wLKuSp1Nw,,,,,,,,,true,/ig/start?source=instagram&utm_source=instagram&utm_medium=paid_social&utm_campaign=assessment_launch&campaign=assessment_launch&utm_id=120238321957240765&utm_content=120238623885310765&utm_term=120238321957250765&fbclid=PAZXh0bgNhZW0BMABhZGlkAassk6KEZo1zcnRjBmFwcF9pZA81NjcwNjczNDMzNTI0MjcAAafYdfs34veQy7fTjs1pLWpX7vc8L0DsxLP1oD4LYPUqlRLYfJAGcq59TnKTbw_aem_qMomOjnoGuCW9wLKuSp1Nw,http://instagram.com/,82.45.234.100,"Mozilla/5.0 (Linux; Android 16; SM-A546E Build/BP2A.250605.031.A3; wv) AppleWebKit/537.36 (KHTML, like Gecko) Version/4.0 Chrome/145.0.7632.154 Mobile Safari/537.36 Instagram 419.0.0.49.71 Android (36/16; 450dpi; 1080x2340; samsung; SM-A546E; a54x; s5e8835; en_GB; 896334232; IABMV/1)","{""utm"": {""utm_term"": ""120238321957250765"", ""utm_medium"": ""paid_social"", ""utm_source"": ""instagram"", ""utm_content"": ""120238623885310765"", ""utm_campaign"": ""assessment_launch""}, ""meta"": {""fbclid"": ""PAZXh0bgNhZW0BMABhZGlkAassk6KEZo1zcnRjBmFwcF9pZA81NjcwNjczNDMzNTI0MjcAAafYdfs34veQy7fTjs1pLWpX7vc8L0DsxLP1oD4LYPUqlRLYfJAGcq59TnKTbw_aem_qMomOjnoGuCW9wLKuSp1Nw""}}",,,,2026-03-11 22:23:01.533946,2026-03-11 22:23:01.533946,1,2026-03-11 22:23:01.533946
376,,instagram,assessment_launch,instagram,paid_social,assessment_launch,120238321957250765,120238623885310765,PAZXh0bgNhZW0BMABhZGlkAassk6KEZo1zcnRjBmFwcF9pZA8xMjQwMjQ1NzQyODc0MTQAAafYwpiZ-pLWmoBF1vgJH3suzv_KUG1avMlR8y3TrgG-qn-NJwgiippMouTd7g_aem_6hPcKCdMqQG3zMmwIuf5mg,,,,,,,,,true,/ig/start?source=instagram&utm_source=instagram&utm_medium=paid_social&utm_campaign=assessment_launch&campaign=assessment_launch&utm_id=120238321957240765&utm_content=120238623885310765&utm_term=120238321957250765&fbclid=PAZXh0bgNhZW0BMABhZGlkAassk6KEZo1zcnRjBmFwcF9pZA8xMjQwMjQ1NzQyODc0MTQAAafYwpiZ-pLWmoBF1vgJH3suzv_KUG1avMlR8y3TrgG-qn-NJwgiippMouTd7g_aem_6hPcKCdMqQG3zMmwIuf5mg,,140.228.57.51,"Mozilla/5.0 (iPhone; CPU iPhone OS 18_7 like Mac OS X) AppleWebKit/605.1.15 (KHTML, like Gecko) Mobile/23C71 Instagram 419.0.0.27.74 (iPhone16,1; iOS 26_2_1; en_GB; en-GB; scale=3.00; 1179x2556; IABMV/1; 895010607) NW/3 Safari/604.1","{""utm"": {""utm_term"": ""120238321957250765"", ""utm_medium"": ""paid_social"", ""utm_source"": ""instagram"", ""utm_content"": ""120238623885310765"", ""utm_campaign"": ""assessment_launch""}, ""meta"": {""fbclid"": ""PAZXh0bgNhZW0BMABhZGlkAassk6KEZo1zcnRjBmFwcF9pZA8xMjQwMjQ1NzQyODc0MTQAAafYwpiZ-pLWmoBF1vgJH3suzv_KUG1avMlR8y3TrgG-qn-NJwgiippMouTd7g_aem_6hPcKCdMqQG3zMmwIuf5mg""}}",,,,2026-03-11 22:23:22.330025,2026-03-11 22:23:22.330025,1,2026-03-11 22:23:22.330025
377,,instagram,assessment_launch,instagram,paid_social,assessment_launch,120238321957250765,120238324328080765,PAZXh0bgNhZW0BMABhZGlkAassk6Jy2l1zcnRjBmFwcF9pZA81NjcwNjczNDMzNTI0MjcAAafHAOJXihvQC14opg1x5m-W8LMitkJX8qpaFVwtKm48vhVJUJo5Dp0zadXcsQ_aem_gq-T0-smndG_sn38W573ZQ,,,,,,,,,true,/ig/start?source=instagram&utm_source=instagram&utm_medium=paid_social&utm_campaign=assessment_launch&campaign=assessment_launch&utm_id=120238321957240765&utm_content=120238324328080765&utm_term=120238321957250765&fbclid=PAZXh0bgNhZW0BMABhZGlkAassk6Jy2l1zcnRjBmFwcF9pZA81NjcwNjczNDMzNTI0MjcAAafHAOJXihvQC14opg1x5m-W8LMitkJX8qpaFVwtKm48vhVJUJo5Dp0zadXcsQ_aem_gq-T0-smndG_sn38W573ZQ,http://m.facebook.com/,82.132.185.43,"Mozilla/5.0 (Linux; Android 16; SM-A166B Build/BP2A.250605.031.A3; wv) AppleWebKit/537.36 (KHTML, like Gecko) Version/4.0 Chrome/145.0.7632.49 Mobile Safari/537.36 Instagram 416.0.0.47.66 Android (36/16; 480dpi; 1080x2340; samsung; SM-A166B; a16x; s5e8535; en_GB; 879745564; IABMV/1)","{""utm"": {""utm_term"": ""120238321957250765"", ""utm_medium"": ""paid_social"", ""utm_source"": ""instagram"", ""utm_content"": ""120238324328080765"", ""utm_campaign"": ""assessment_launch""}, ""meta"": {""fbclid"": ""PAZXh0bgNhZW0BMABhZGlkAassk6Jy2l1zcnRjBmFwcF9pZA81NjcwNjczNDMzNTI0MjcAAafHAOJXihvQC14opg1x5m-W8LMitkJX8qpaFVwtKm48vhVJUJo5Dp0zadXcsQ_aem_gq-T0-smndG_sn38W573ZQ""}}",,,,2026-03-11 22:27:05.428796,2026-03-11 22:27:05.428796,1,2026-03-11 22:27:05.428796
378,,instagram,assessment_launch,instagram,paid_social,assessment_launch,120238321957250765,120238324328080765,PAZXh0bgNhZW0BMABhZGlkAassk6Jy2l1zcnRjBmFwcF9pZA8xMjQwMjQ1NzQyODc0MTQAAaeTDJ4zXZn_MLwOFxN0oaNRQx590ARZTVDaHzemZSiwjRdH3ChasdtqQMCyxw_aem_nNoN-WFEpwP3cpMsnOf1NA,,,,,,,,,true,/ig/start?source=instagram&utm_source=instagram&utm_medium=paid_social&utm_campaign=assessment_launch&campaign=assessment_launch&utm_id=120238321957240765&utm_content=120238324328080765&utm_term=120238321957250765&fbclid=PAZXh0bgNhZW0BMABhZGlkAassk6Jy2l1zcnRjBmFwcF9pZA8xMjQwMjQ1NzQyODc0MTQAAaeTDJ4zXZn_MLwOFxN0oaNRQx590ARZTVDaHzemZSiwjRdH3ChasdtqQMCyxw_aem_nNoN-WFEpwP3cpMsnOf1NA,https://instagram.com/,82.39.14.113,"Mozilla/5.0 (iPhone; CPU iPhone OS 18_7 like Mac OS X) AppleWebKit/605.1.15 (KHTML, like Gecko) Mobile/23D8133 Instagram 419.0.0.27.74 (iPhone13,2; iOS 26_3_1; en_GB; en-GB; scale=3.00; 1170x2532; IABMV/1; 895010607) Safari/604.1","{""utm"": {""utm_term"": ""120238321957250765"", ""utm_medium"": ""paid_social"", ""utm_source"": ""instagram"", ""utm_content"": ""120238324328080765"", ""utm_campaign"": ""assessment_launch""}, ""meta"": {""fbclid"": ""PAZXh0bgNhZW0BMABhZGlkAassk6Jy2l1zcnRjBmFwcF9pZA8xMjQwMjQ1NzQyODc0MTQAAaeTDJ4zXZn_MLwOFxN0oaNRQx590ARZTVDaHzemZSiwjRdH3ChasdtqQMCyxw_aem_nNoN-WFEpwP3cpMsnOf1NA""}}",,,,2026-03-11 22:36:11.82325,2026-03-11 22:36:11.82325,1,2026-03-11 22:36:11.82325
379,,instagram,assessment_launch,instagram,paid_social,assessment_launch,120238321957250765,120238324328080765,PAZXh0bgNhZW0BMABhZGlkAassk6Jy2l1zcnRjBmFwcF9pZA8xMjQwMjQ1NzQyODc0MTQAAaeQHdkZAW5zuyFNET_CdDyIac2yztIyRWZxklizbGKMVokPBth2uqBAt-oUvQ_aem_Fi0O87AqN9IEWzBxZg8sSQ,,,,,,,,,true,/ig/start?source=instagram&utm_source=instagram&utm_medium=paid_social&utm_campaign=assessment_launch&campaign=assessment_launch&utm_id=120238321957240765&utm_content=120238324328080765&utm_term=120238321957250765&fbclid=PAZXh0bgNhZW0BMABhZGlkAassk6Jy2l1zcnRjBmFwcF9pZA8xMjQwMjQ1NzQyODc0MTQAAaeQHdkZAW5zuyFNET_CdDyIac2yztIyRWZxklizbGKMVokPBth2uqBAt-oUvQ_aem_Fi0O87AqN9IEWzBxZg8sSQ,,84.69.152.190,"Mozilla/5.0 (iPhone; CPU iPhone OS 18_5 like Mac OS X) AppleWebKit/605.1.15 (KHTML, like Gecko) Mobile/22F76 Instagram 419.0.0.27.74 (iPhone14,8; iOS 18_5; en_GB; en-GB; scale=3.00; 1125x2436; IABMV/1; 895010607) Safari/604.1","{""utm"": {""utm_term"": ""120238321957250765"", ""utm_medium"": ""paid_social"", ""utm_source"": ""instagram"", ""utm_content"": ""120238324328080765"", ""utm_campaign"": ""assessment_launch""}, ""meta"": {""fbclid"": ""PAZXh0bgNhZW0BMABhZGlkAassk6Jy2l1zcnRjBmFwcF9pZA8xMjQwMjQ1NzQyODc0MTQAAaeQHdkZAW5zuyFNET_CdDyIac2yztIyRWZxklizbGKMVokPBth2uqBAt-oUvQ_aem_Fi0O87AqN9IEWzBxZg8sSQ""}}",,,,2026-03-11 22:43:16.075289,2026-03-11 22:43:16.075289,1,2026-03-11 22:43:16.075289
380,,instagram,assessment_launch,instagram,paid_social,assessment_launch,120238321957250765,120238623885310765,PAZXh0bgNhZW0BMABhZGlkAassk6KEZo1zcnRjBmFwcF9pZA8xMjQwMjQ1NzQyODc0MTQAAacS5SZycAgAsZKPnCaFZe-J_q-THj_vPuWhSTDBduet5XpLns6o2RSby1ddLw_aem_D4o1YvguSNd4vvUVKMKYRw,,,,,,,,,true,/ig/start?source=instagram&utm_source=instagram&utm_medium=paid_social&utm_campaign=assessment_launch&campaign=assessment_launch&utm_id=120238321957240765&utm_content=120238623885310765&utm_term=120238321957250765&fbclid=PAZXh0bgNhZW0BMABhZGlkAassk6KEZo1zcnRjBmFwcF9pZA8xMjQwMjQ1NzQyODc0MTQAAacS5SZycAgAsZKPnCaFZe-J_q-THj_vPuWhSTDBduet5XpLns6o2RSby1ddLw_aem_D4o1YvguSNd4vvUVKMKYRw,,176.252.173.230,"Mozilla/5.0 (iPhone; CPU iPhone OS 18_7 like Mac OS X) AppleWebKit/605.1.15 (KHTML, like Gecko) Mobile/23D8133 Instagram 419.0.0.27.74 (iPhone14,5; iOS 26_3_1; en_GB; en-GB; scale=3.00; 1170x2532; IABMV/1; 895010607) NW/3 Safari/604.1","{""utm"": {""utm_term"": ""120238321957250765"", ""utm_medium"": ""paid_social"", ""utm_source"": ""instagram"", ""utm_content"": ""120238623885310765"", ""utm_campaign"": ""assessment_launch""}, ""meta"": {""fbclid"": ""PAZXh0bgNhZW0BMABhZGlkAassk6KEZo1zcnRjBmFwcF9pZA8xMjQwMjQ1NzQyODc0MTQAAacS5SZycAgAsZKPnCaFZe-J_q-THj_vPuWhSTDBduet5XpLns6o2RSby1ddLw_aem_D4o1YvguSNd4vvUVKMKYRw""}}",,,,2026-03-11 22:47:31.426548,2026-03-11 22:47:31.426548,1,2026-03-11 22:47:31.426548
381,,instagram,assessment_launch,instagram,paid_social,assessment_launch,120238321957250765,120238623885310765,PAZXh0bgNhZW0BMABhZGlkAassk6KEZo1zcnRjBmFwcF9pZA8xMjQwMjQ1NzQyODc0MTQAAaeSFIVuVD2kXsYWJ4TTN863KeOIRCFSokx0b4sBTtRunOfegvdf06fda6Kvbw_aem_dNRsLQHdsX_ZUprxw-8AsQ,,,,,,,,,true,/ig/start?source=instagram&utm_source=instagram&utm_medium=paid_social&utm_campaign=assessment_launch&campaign=assessment_launch&utm_id=120238321957240765&utm_content=120238623885310765&utm_term=120238321957250765&fbclid=PAZXh0bgNhZW0BMABhZGlkAassk6KEZo1zcnRjBmFwcF9pZA8xMjQwMjQ1NzQyODc0MTQAAaeSFIVuVD2kXsYWJ4TTN863KeOIRCFSokx0b4sBTtRunOfegvdf06fda6Kvbw_aem_dNRsLQHdsX_ZUprxw-8AsQ,https://instagram.com/,46.64.181.9,"Mozilla/5.0 (iPhone; CPU iPhone OS 18_7 like Mac OS X) AppleWebKit/605.1.15 (KHTML, like Gecko) Mobile/23D8133 Instagram 419.0.0.27.74 (iPhone13,2; iOS 26_3_1; en_GB; en-GB; scale=3.00; 1170x2532; IABMV/1; 895010607) NW/9 Safari/604.1","{""utm"": {""utm_term"": ""120238321957250765"", ""utm_medium"": ""paid_social"", ""utm_source"": ""instagram"", ""utm_content"": ""120238623885310765"", ""utm_campaign"": ""assessment_launch""}, ""meta"": {""fbclid"": ""PAZXh0bgNhZW0BMABhZGlkAassk6KEZo1zcnRjBmFwcF9pZA8xMjQwMjQ1NzQyODc0MTQAAaeSFIVuVD2kXsYWJ4TTN863KeOIRCFSokx0b4sBTtRunOfegvdf06fda6Kvbw_aem_dNRsLQHdsX_ZUprxw-8AsQ""}}",,,,2026-03-11 22:56:16.989785,2026-03-11 22:56:16.989785,1,2026-03-11 22:56:16.989785
382,,instagram,assessment_launch,instagram,paid_social,assessment_launch,120238321957250765,120238324328080765,PAZXh0bgNhZW0BMABhZGlkAassk6Jy2l1zcnRjBmFwcF9pZA8xMjQwMjQ1NzQyODc0MTQAAaccAZcLEJIJGbxzm9IwBTU3RseWoRBbnjLoI4tcCp-S2NE2lE0tQmiYjvXIPA_aem_lgTwakzu3o_IgGHS7q3T2g,,,,,,,,,true,/ig/start?source=instagram&utm_source=instagram&utm_medium=paid_social&utm_campaign=assessment_launch&campaign=assessment_launch&utm_id=120238321957240765&utm_content=120238324328080765&utm_term=120238321957250765&fbclid=PAZXh0bgNhZW0BMABhZGlkAassk6Jy2l1zcnRjBmFwcF9pZA8xMjQwMjQ1NzQyODc0MTQAAaccAZcLEJIJGbxzm9IwBTU3RseWoRBbnjLoI4tcCp-S2NE2lE0tQmiYjvXIPA_aem_lgTwakzu3o_IgGHS7q3T2g,,82.18.181.212,"Mozilla/5.0 (iPhone; CPU iPhone OS 18_7 like Mac OS X) AppleWebKit/605.1.15 (KHTML, like Gecko) Mobile/23D127 Instagram 419.0.0.27.74 (iPhone17,1; iOS 26_3; en_GB; en-GB; scale=3.00; 1206x2622; IABMV/1; 895010607) NW/8 Safari/604.1","{""utm"": {""utm_term"": ""120238321957250765"", ""utm_medium"": ""paid_social"", ""utm_source"": ""instagram"", ""utm_content"": ""120238324328080765"", ""utm_campaign"": ""assessment_launch""}, ""meta"": {""fbclid"": ""PAZXh0bgNhZW0BMABhZGlkAassk6Jy2l1zcnRjBmFwcF9pZA8xMjQwMjQ1NzQyODc0MTQAAaccAZcLEJIJGbxzm9IwBTU3RseWoRBbnjLoI4tcCp-S2NE2lE0tQmiYjvXIPA_aem_lgTwakzu3o_IgGHS7q3T2g""}}",,,,2026-03-11 23:01:10.596854,2026-03-11 23:01:10.596854,1,2026-03-11 23:01:10.596854
383,,instagram,assessment_launch,instagram,paid_social,assessment_launch,120238321957250765,120238324328080765,PAZXh0bgNhZW0BMABhZGlkAassk6Jy2l1zcnRjBmFwcF9pZA8xMjQwMjQ1NzQyODc0MTQAAaeHkbiBFvC4FxX8Pr_w1iKu-j1zMHfkYOAEjXafLOhJpXFJEFm-xAYEZzRsUA_aem_ynKWIcwd_2yuNtF85WTwlQ,,,,,,,,,true,/ig/start?source=instagram&utm_source=instagram&utm_medium=paid_social&utm_campaign=assessment_launch&campaign=assessment_launch&utm_id=120238321957240765&utm_content=120238324328080765&utm_term=120238321957250765&fbclid=PAZXh0bgNhZW0BMABhZGlkAassk6Jy2l1zcnRjBmFwcF9pZA8xMjQwMjQ1NzQyODc0MTQAAaeHkbiBFvC4FxX8Pr_w1iKu-j1zMHfkYOAEjXafLOhJpXFJEFm-xAYEZzRsUA_aem_ynKWIcwd_2yuNtF85WTwlQ,,90.206.41.6,"Mozilla/5.0 (iPhone; CPU iPhone OS 18_7 like Mac OS X) AppleWebKit/605.1.15 (KHTML, like Gecko) Mobile/23D8133 Instagram 419.0.0.27.74 (iPhone17,3; iOS 26_3_1; en_GB; en-GB; scale=3.00; 960x2079; IABMV/1; 895010607) Safari/604.1","{""utm"": {""utm_term"": ""120238321957250765"", ""utm_medium"": ""paid_social"", ""utm_source"": ""instagram"", ""utm_content"": ""120238324328080765"", ""utm_campaign"": ""assessment_launch""}, ""meta"": {""fbclid"": ""PAZXh0bgNhZW0BMABhZGlkAassk6Jy2l1zcnRjBmFwcF9pZA8xMjQwMjQ1NzQyODc0MTQAAaeHkbiBFvC4FxX8Pr_w1iKu-j1zMHfkYOAEjXafLOhJpXFJEFm-xAYEZzRsUA_aem_ynKWIcwd_2yuNtF85WTwlQ""}}",,,,2026-03-11 23:01:22.671095,2026-03-11 23:01:22.671095,1,2026-03-11 23:01:22.671095
384,,instagram,assessment_launch,instagram,paid_social,assessment_launch,120238321957250765,120238324328080765,PAZXh0bgNhZW0BMABhZGlkAassk6Jy2l1zcnRjBmFwcF9pZA8xMjQwMjQ1NzQyODc0MTQAAadD5MNbk5O5XRg2lCFyalQ2ErarhWl1FEQH5rYm8dj7tW_ic7dZocDkY7YfCA_aem_Jl43XGrDtrZRvn5N1614NA,,,,,,,,,true,/ig/start?source=instagram&utm_source=instagram&utm_medium=paid_social&utm_campaign=assessment_launch&campaign=assessment_launch&utm_id=120238321957240765&utm_content=120238324328080765&utm_term=120238321957250765&fbclid=PAZXh0bgNhZW0BMABhZGlkAassk6Jy2l1zcnRjBmFwcF9pZA8xMjQwMjQ1NzQyODc0MTQAAadD5MNbk5O5XRg2lCFyalQ2ErarhWl1FEQH5rYm8dj7tW_ic7dZocDkY7YfCA_aem_Jl43XGrDtrZRvn5N1614NA,,86.144.4.39,"Mozilla/5.0 (iPhone; CPU iPhone OS 18_6_2 like Mac OS X) AppleWebKit/605.1.15 (KHTML, like Gecko) Mobile/22G100 Instagram 419.0.0.27.74 (iPhone14,6; iOS 18_6_2; en_GB; en-GB; scale=2.00; 750x1334; IABMV/1; 895010607) Safari/604.1","{""utm"": {""utm_term"": ""120238321957250765"", ""utm_medium"": ""paid_social"", ""utm_source"": ""instagram"", ""utm_content"": ""120238324328080765"", ""utm_campaign"": ""assessment_launch""}, ""meta"": {""fbclid"": ""PAZXh0bgNhZW0BMABhZGlkAassk6Jy2l1zcnRjBmFwcF9pZA8xMjQwMjQ1NzQyODc0MTQAAadD5MNbk5O5XRg2lCFyalQ2ErarhWl1FEQH5rYm8dj7tW_ic7dZocDkY7YfCA_aem_Jl43XGrDtrZRvn5N1614NA""}}",,,,2026-03-11 23:04:00.648338,2026-03-11 23:04:00.648338,1,2026-03-11 23:04:00.648338
385,,instagram,assessment_launch,instagram,paid_social,assessment_launch,120238321957250765,120238324328080765,PAZXh0bgNhZW0BMABhZGlkAassk6Jy2l1zcnRjBmFwcF9pZA81NjcwNjczNDMzNTI0MjcAAadZiGjK9_AShJwQeU1kc4uMtyWxtfmbwLTaUWH2ghc5D6N6ovGuGXRft32BiQ_aem_89IjAG0nX7KcliicL8u44g,,,,,,,,,true,/ig/start?source=instagram&utm_source=instagram&utm_medium=paid_social&utm_campaign=assessment_launch&campaign=assessment_launch&utm_id=120238321957240765&utm_content=120238324328080765&utm_term=120238321957250765&fbclid=PAZXh0bgNhZW0BMABhZGlkAassk6Jy2l1zcnRjBmFwcF9pZA81NjcwNjczNDMzNTI0MjcAAadZiGjK9_AShJwQeU1kc4uMtyWxtfmbwLTaUWH2ghc5D6N6ovGuGXRft32BiQ_aem_89IjAG0nX7KcliicL8u44g,http://instagram.com/,92.31.54.20,"Mozilla/5.0 (Linux; Android 16; SM-S901B Build/BP2A.250605.031.A3; wv) AppleWebKit/537.36 (KHTML, like Gecko) Version/4.0 Chrome/145.0.7632.154 Mobile Safari/537.36 Instagram 419.0.0.49.71 Android (36/16; 480dpi; 1080x2340; samsung; SM-S901B; r0s; s5e9925; en_GB; 896334170; IABMV/1)","{""utm"": {""utm_term"": ""120238321957250765"", ""utm_medium"": ""paid_social"", ""utm_source"": ""instagram"", ""utm_content"": ""120238324328080765"", ""utm_campaign"": ""assessment_launch""}, ""meta"": {""fbclid"": ""PAZXh0bgNhZW0BMABhZGlkAassk6Jy2l1zcnRjBmFwcF9pZA81NjcwNjczNDMzNTI0MjcAAadZiGjK9_AShJwQeU1kc4uMtyWxtfmbwLTaUWH2ghc5D6N6ovGuGXRft32BiQ_aem_89IjAG0nX7KcliicL8u44g""}}",,,,2026-03-11 23:05:20.40682,2026-03-11 23:05:20.40682,1,2026-03-11 23:05:20.40682
386,,instagram,assessment_launch,instagram,paid_social,assessment_launch,120238321957250765,120238324542200765,PAZXh0bgNhZW0BMABhZGlkAassk6JO151zcnRjBmFwcF9pZA8xMjQwMjQ1NzQyODc0MTQAAactSy5pCsYEzYHPKY96H2GjktDbYUPnvGVouw3lYPsoOnulzzK_SXhwTIen2w_aem_iPKJCxeQ2nUjeIl-vTalkg,,,,,,,,,true,/ig/start?source=instagram&utm_source=instagram&utm_medium=paid_social&utm_campaign=assessment_launch&campaign=assessment_launch&utm_id=120238321957240765&utm_content=120238324542200765&utm_term=120238321957250765&fbclid=PAZXh0bgNhZW0BMABhZGlkAassk6JO151zcnRjBmFwcF9pZA8xMjQwMjQ1NzQyODc0MTQAAactSy5pCsYEzYHPKY96H2GjktDbYUPnvGVouw3lYPsoOnulzzK_SXhwTIen2w_aem_iPKJCxeQ2nUjeIl-vTalkg,,213.120.24.240,"Mozilla/5.0 (iPhone; CPU iPhone OS 18_7 like Mac OS X) AppleWebKit/605.1.15 (KHTML, like Gecko) Mobile/23D127 Instagram 416.1.0.27.68 (iPhone13,4; iOS 26_3; en_GB; en-GB; scale=3.00; 1284x2778; IABMV/1; 881475720) NW/8 Safari/604.1","{""utm"": {""utm_term"": ""120238321957250765"", ""utm_medium"": ""paid_social"", ""utm_source"": ""instagram"", ""utm_content"": ""120238324542200765"", ""utm_campaign"": ""assessment_launch""}, ""meta"": {""fbclid"": ""PAZXh0bgNhZW0BMABhZGlkAassk6JO151zcnRjBmFwcF9pZA8xMjQwMjQ1NzQyODc0MTQAAactSy5pCsYEzYHPKY96H2GjktDbYUPnvGVouw3lYPsoOnulzzK_SXhwTIen2w_aem_iPKJCxeQ2nUjeIl-vTalkg""}}",,,,2026-03-11 23:10:48.636404,2026-03-11 23:10:48.636404,1,2026-03-11 23:10:48.636404
387,,instagram,assessment_launch,instagram,paid_social,assessment_launch,120238321957250765,120238324328080765,PAZXh0bgNhZW0BMABhZGlkAassk6Jy2l1zcnRjBmFwcF9pZA8xMjQwMjQ1NzQyODc0MTQAAafuWm1gMq3gqIo-FVnw9PXBYIuuaR__xqn9Gwvn-rLfl4ZX6nJ6UdEqBlG-tA_aem_fij4Eah0-1rpgOeMK2jWcQ,,,,,,,,,true,/ig/start?source=instagram&utm_source=instagram&utm_medium=paid_social&utm_campaign=assessment_launch&campaign=assessment_launch&utm_id=120238321957240765&utm_content=120238324328080765&utm_term=120238321957250765&fbclid=PAZXh0bgNhZW0BMABhZGlkAassk6Jy2l1zcnRjBmFwcF9pZA8xMjQwMjQ1NzQyODc0MTQAAafuWm1gMq3gqIo-FVnw9PXBYIuuaR__xqn9Gwvn-rLfl4ZX6nJ6UdEqBlG-tA_aem_fij4Eah0-1rpgOeMK2jWcQ,,87.115.244.144,"Mozilla/5.0 (iPhone; CPU iPhone OS 18_7 like Mac OS X) AppleWebKit/605.1.15 (KHTML, like Gecko) Mobile/23D8133 Instagram 419.0.0.27.74 (iPhone14,7; iOS 26_3_1; en_GB; en-GB; scale=3.00; 1170x2532; IABMV/1; 895010607) NW/8 Safari/604.1","{""utm"": {""utm_term"": ""120238321957250765"", ""utm_medium"": ""paid_social"", ""utm_source"": ""instagram"", ""utm_content"": ""120238324328080765"", ""utm_campaign"": ""assessment_launch""}, ""meta"": {""fbclid"": ""PAZXh0bgNhZW0BMABhZGlkAassk6Jy2l1zcnRjBmFwcF9pZA8xMjQwMjQ1NzQyODc0MTQAAafuWm1gMq3gqIo-FVnw9PXBYIuuaR__xqn9Gwvn-rLfl4ZX6nJ6UdEqBlG-tA_aem_fij4Eah0-1rpgOeMK2jWcQ""}}",,,,2026-03-11 23:13:11.329505,2026-03-11 23:13:11.329505,1,2026-03-11 23:13:11.329505
388,,instagram,assessment_launch,instagram,paid_social,assessment_launch,120238321957250765,120238324328080765,PAZXh0bgNhZW0BMABhZGlkAassk6Jy2l1zcnRjBmFwcF9pZA81NjcwNjczNDMzNTI0MjcAAaeEuuWE7a1dT0eBYid2ehZy82FfQ6WuxXWSwZ8f6X5lE8CSQYWLXwBRbIc9fg_aem_K0y_f98Al82cOZOMzalQxA,,,,,,,,,true,/ig/start?source=instagram&utm_source=instagram&utm_medium=paid_social&utm_campaign=assessment_launch&campaign=assessment_launch&utm_id=120238321957240765&utm_content=120238324328080765&utm_term=120238321957250765&fbclid=PAZXh0bgNhZW0BMABhZGlkAassk6Jy2l1zcnRjBmFwcF9pZA81NjcwNjczNDMzNTI0MjcAAaeEuuWE7a1dT0eBYid2ehZy82FfQ6WuxXWSwZ8f6X5lE8CSQYWLXwBRbIc9fg_aem_K0y_f98Al82cOZOMzalQxA,http://m.facebook.com/,149.22.237.19,"Mozilla/5.0 (Linux; Android 14; SM-A528B Build/UP1A.231005.007; wv) AppleWebKit/537.36 (KHTML, like Gecko) Version/4.0 Chrome/145.0.7632.154 Mobile Safari/537.36 Instagram 419.0.0.49.71 Android (34/14; 450dpi; 1080x2400; samsung; SM-A528B; a52sxq; qcom; en_GB; 896334232; IABMV/1)","{""utm"": {""utm_term"": ""120238321957250765"", ""utm_medium"": ""paid_social"", ""utm_source"": ""instagram"", ""utm_content"": ""120238324328080765"", ""utm_campaign"": ""assessment_launch""}, ""meta"": {""fbclid"": ""PAZXh0bgNhZW0BMABhZGlkAassk6Jy2l1zcnRjBmFwcF9pZA81NjcwNjczNDMzNTI0MjcAAaeEuuWE7a1dT0eBYid2ehZy82FfQ6WuxXWSwZ8f6X5lE8CSQYWLXwBRbIc9fg_aem_K0y_f98Al82cOZOMzalQxA""}}",,,,2026-03-11 23:18:54.953506,2026-03-11 23:18:54.953506,1,2026-03-11 23:18:54.953506
389,,instagram,assessment_launch,instagram,paid_social,assessment_launch,120238321957250765,120238623885310765,PAZXh0bgNhZW0BMABhZGlkAassk6KEZo1zcnRjBmFwcF9pZA8xMjQwMjQ1NzQyODc0MTQAAacKWnzEKYe7c7t_AL87svF5eAKXO5kfYB8D7F53IkYr2Hak00MP0_aWQ5BwlQ_aem_UZbItqVm0RmbgLdGikG4lw,,,,,,,,,true,/ig/start?source=instagram&utm_source=instagram&utm_medium=paid_social&utm_campaign=assessment_launch&campaign=assessment_launch&utm_id=120238321957240765&utm_content=120238623885310765&utm_term=120238321957250765&fbclid=PAZXh0bgNhZW0BMABhZGlkAassk6KEZo1zcnRjBmFwcF9pZA8xMjQwMjQ1NzQyODc0MTQAAacKWnzEKYe7c7t_AL87svF5eAKXO5kfYB8D7F53IkYr2Hak00MP0_aWQ5BwlQ_aem_UZbItqVm0RmbgLdGikG4lw,,81.100.13.208,"Mozilla/5.0 (iPhone; CPU iPhone OS 18_7 like Mac OS X) AppleWebKit/605.1.15 (KHTML, like Gecko) Mobile/23D127 Safari/604.1 Instagram 419.0.0.27.74 (iPhone18,2; iOS 26_3; en_GB; en-GB; scale=3.00; 1320x2868; IABMV/1; 895010607) NW/3","{""utm"": {""utm_term"": ""120238321957250765"", ""utm_medium"": ""paid_social"", ""utm_source"": ""instagram"", ""utm_content"": ""120238623885310765"", ""utm_campaign"": ""assessment_launch""}, ""meta"": {""fbclid"": ""PAZXh0bgNhZW0BMABhZGlkAassk6KEZo1zcnRjBmFwcF9pZA8xMjQwMjQ1NzQyODc0MTQAAacKWnzEKYe7c7t_AL87svF5eAKXO5kfYB8D7F53IkYr2Hak00MP0_aWQ5BwlQ_aem_UZbItqVm0RmbgLdGikG4lw""}}",,,,2026-03-11 23:26:47.806831,2026-03-11 23:26:47.806831,1,2026-03-11 23:26:47.806831
390,,instagram,assessment_launch,instagram,paid_social,assessment_launch,120238321957250765,120238324328080765,PAZXh0bgNhZW0BMABhZGlkAassk6Jy2l1zcnRjBmFwcF9pZA8xMjQwMjQ1NzQyODc0MTQAAafuiaLuO34EPp8qkjtYX722uM3OgIAF8-Z606Q7PpuwrrGXjETyb46tz5tKCw_aem_C4r49Ras1EDCuPlb6dgt4Q,,,,,,,,,true,/ig/start?source=instagram&utm_source=instagram&utm_medium=paid_social&utm_campaign=assessment_launch&campaign=assessment_launch&utm_id=120238321957240765&utm_content=120238324328080765&utm_term=120238321957250765&fbclid=PAZXh0bgNhZW0BMABhZGlkAassk6Jy2l1zcnRjBmFwcF9pZA8xMjQwMjQ1NzQyODc0MTQAAafuiaLuO34EPp8qkjtYX722uM3OgIAF8-Z606Q7PpuwrrGXjETyb46tz5tKCw_aem_C4r49Ras1EDCuPlb6dgt4Q,,149.22.159.128,"Mozilla/5.0 (iPhone; CPU iPhone OS 18_7 like Mac OS X) AppleWebKit/605.1.15 (KHTML, like Gecko) Mobile/23D8133 Instagram 419.0.0.27.74 (iPhone17,1; iOS 26_3_1; en_GB; en-GB; scale=3.00; 1206x2622; IABMV/1; 895010607) Safari/604.1","{""utm"": {""utm_term"": ""120238321957250765"", ""utm_medium"": ""paid_social"", ""utm_source"": ""instagram"", ""utm_content"": ""120238324328080765"", ""utm_campaign"": ""assessment_launch""}, ""meta"": {""fbclid"": ""PAZXh0bgNhZW0BMABhZGlkAassk6Jy2l1zcnRjBmFwcF9pZA8xMjQwMjQ1NzQyODc0MTQAAafuiaLuO34EPp8qkjtYX722uM3OgIAF8-Z606Q7PpuwrrGXjETyb46tz5tKCw_aem_C4r49Ras1EDCuPlb6dgt4Q""}}",,,,2026-03-11 23:30:05.392578,2026-03-11 23:30:05.392578,1,2026-03-11 23:30:05.392578
391,,instagram,assessment_launch,instagram,paid_social,assessment_launch,120238321957250765,120238324328080765,PAZXh0bgNhZW0BMABhZGlkAassk6Jy2l1zcnRjBmFwcF9pZA8xMjQwMjQ1NzQyODc0MTQAAaf0xh3ntCfOQbDJOJxSKmdzyxtW2QxaYFROlJa6sEgEQkIYxIO2-cQW6Y5AFQ_aem_xkA5YP0j_G9rc3GawgI2YQ,,,,,,,,,true,/ig/start?source=instagram&utm_source=instagram&utm_medium=paid_social&utm_campaign=assessment_launch&campaign=assessment_launch&utm_id=120238321957240765&utm_content=120238324328080765&utm_term=120238321957250765&fbclid=PAZXh0bgNhZW0BMABhZGlkAassk6Jy2l1zcnRjBmFwcF9pZA8xMjQwMjQ1NzQyODc0MTQAAaf0xh3ntCfOQbDJOJxSKmdzyxtW2QxaYFROlJa6sEgEQkIYxIO2-cQW6Y5AFQ_aem_xkA5YP0j_G9rc3GawgI2YQ,,85.255.233.75,"Mozilla/5.0 (iPhone; CPU iPhone OS 18_4_1 like Mac OS X) AppleWebKit/605.1.15 (KHTML, like Gecko) Mobile/22E252 Instagram 414.0.0.23.79 (iPhone13,2; iOS 18_4_1; en_GB; en-GB; scale=3.00; 1170x2532; IABMV/1; 868652560) Safari/604.1","{""utm"": {""utm_term"": ""120238321957250765"", ""utm_medium"": ""paid_social"", ""utm_source"": ""instagram"", ""utm_content"": ""120238324328080765"", ""utm_campaign"": ""assessment_launch""}, ""meta"": {""fbclid"": ""PAZXh0bgNhZW0BMABhZGlkAassk6Jy2l1zcnRjBmFwcF9pZA8xMjQwMjQ1NzQyODc0MTQAAaf0xh3ntCfOQbDJOJxSKmdzyxtW2QxaYFROlJa6sEgEQkIYxIO2-cQW6Y5AFQ_aem_xkA5YP0j_G9rc3GawgI2YQ""}}",,,,2026-03-11 23:32:21.108412,2026-03-11 23:32:21.108412,1,2026-03-11 23:32:21.108412
392,,instagram,assessment_launch,instagram,paid_social,assessment_launch,120238321957250765,120238324328080765,PAZXh0bgNhZW0BMABhZGlkAassk6Jy2l1zcnRjBmFwcF9pZA81NjcwNjczNDMzNTI0MjcAAaelTuoUwim66sFZ87LpvRBhWyIzaJL3vPcHIyB35uYTG3bXHQXgGrvpT3ugVA_aem_6w_64S6Q6dbQwtoU2j8Y9w,,,,,,,,,true,/ig/start?source=instagram&utm_source=instagram&utm_medium=paid_social&utm_campaign=assessment_launch&campaign=assessment_launch&utm_id=120238321957240765&utm_content=120238324328080765&utm_term=120238321957250765&fbclid=PAZXh0bgNhZW0BMABhZGlkAassk6Jy2l1zcnRjBmFwcF9pZA81NjcwNjczNDMzNTI0MjcAAaelTuoUwim66sFZ87LpvRBhWyIzaJL3vPcHIyB35uYTG3bXHQXgGrvpT3ugVA_aem_6w_64S6Q6dbQwtoU2j8Y9w,http://instagram.com/,46.208.231.113,"Mozilla/5.0 (Linux; Android 15; SM-A057G Build/AP3A.240905.015.A2; wv) AppleWebKit/537.36 (KHTML, like Gecko) Version/4.0 Chrome/145.0.7632.154 Mobile Safari/537.36 Instagram 419.0.0.49.71 Android (35/15; 450dpi; 1080x2400; samsung; SM-A057G; a05s; qcom; en_GB; 896334170; IABMV/1)","{""utm"": {""utm_term"": ""120238321957250765"", ""utm_medium"": ""paid_social"", ""utm_source"": ""instagram"", ""utm_content"": ""120238324328080765"", ""utm_campaign"": ""assessment_launch""}, ""meta"": {""fbclid"": ""PAZXh0bgNhZW0BMABhZGlkAassk6Jy2l1zcnRjBmFwcF9pZA81NjcwNjczNDMzNTI0MjcAAaelTuoUwim66sFZ87LpvRBhWyIzaJL3vPcHIyB35uYTG3bXHQXgGrvpT3ugVA_aem_6w_64S6Q6dbQwtoU2j8Y9w""}}",,,,2026-03-11 23:39:04.607169,2026-03-11 23:39:04.607169,1,2026-03-11 23:39:04.607169
393,,instagram,assessment_launch,instagram,paid_social,assessment_launch,120238321957250765,120238324328080765,PAZXh0bgNhZW0BMABhZGlkAassk6Jy2l1zcnRjBmFwcF9pZA8xMjQwMjQ1NzQyODc0MTQAAadTwfvxjzQ98CreE1xXEGPHqT0RnSQkog6yxwF22QhHqWJdfc8q7MsyL5jjvQ_aem_A7LmlOAiLgWFlK6qIvdHoQ,,,,,,,,,true,/ig/start?source=instagram&utm_source=instagram&utm_medium=paid_social&utm_campaign=assessment_launch&campaign=assessment_launch&utm_id=120238321957240765&utm_content=120238324328080765&utm_term=120238321957250765&fbclid=PAZXh0bgNhZW0BMABhZGlkAassk6Jy2l1zcnRjBmFwcF9pZA8xMjQwMjQ1NzQyODc0MTQAAadTwfvxjzQ98CreE1xXEGPHqT0RnSQkog6yxwF22QhHqWJdfc8q7MsyL5jjvQ_aem_A7LmlOAiLgWFlK6qIvdHoQ,,86.22.103.65,"Mozilla/5.0 (iPhone; CPU iPhone OS 18_7 like Mac OS X) AppleWebKit/605.1.15 (KHTML, like Gecko) Mobile/23D8133 Instagram 419.0.0.27.74 (iPhone14,4; iOS 26_3_1; en_GB; en-GB; scale=3.00; 1125x2436; IABMV/1; 895010607) Safari/604.1","{""utm"": {""utm_term"": ""120238321957250765"", ""utm_medium"": ""paid_social"", ""utm_source"": ""instagram"", ""utm_content"": ""120238324328080765"", ""utm_campaign"": ""assessment_launch""}, ""meta"": {""fbclid"": ""PAZXh0bgNhZW0BMABhZGlkAassk6Jy2l1zcnRjBmFwcF9pZA8xMjQwMjQ1NzQyODc0MTQAAadTwfvxjzQ98CreE1xXEGPHqT0RnSQkog6yxwF22QhHqWJdfc8q7MsyL5jjvQ_aem_A7LmlOAiLgWFlK6qIvdHoQ""}}",,,,2026-03-11 23:40:17.282161,2026-03-11 23:40:17.282161,1,2026-03-11 23:40:17.282161
394,,instagram,assessment_launch,instagram,paid_social,assessment_launch,120238321957250765,120238623885310765,PAZXh0bgNhZW0BMABhZGlkAassk6KEZo1zcnRjBmFwcF9pZA8xMjQwMjQ1NzQyODc0MTQAAaeV8Fg_wkXyfkLQakmJFMASj3lHx8Ex0pQ95vcVN5s0hJr9WynMYDOeePPdoQ_aem_woQC6TfCnHykqwa_HMDDSg,,,,,,,,,true,/ig/start?source=instagram&utm_source=instagram&utm_medium=paid_social&utm_campaign=assessment_launch&campaign=assessment_launch&utm_id=120238321957240765&utm_content=120238623885310765&utm_term=120238321957250765&fbclid=PAZXh0bgNhZW0BMABhZGlkAassk6KEZo1zcnRjBmFwcF9pZA8xMjQwMjQ1NzQyODc0MTQAAaeV8Fg_wkXyfkLQakmJFMASj3lHx8Ex0pQ95vcVN5s0hJr9WynMYDOeePPdoQ_aem_woQC6TfCnHykqwa_HMDDSg,,81.135.247.157,"Mozilla/5.0 (iPhone; CPU iPhone OS 18_7 like Mac OS X) AppleWebKit/605.1.15 (KHTML, like Gecko) Mobile/23D127 Instagram 414.0.0.23.79 (iPhone15,3; iOS 26_3; en_GB; en-GB; scale=3.00; 1290x2796; IABMV/1; 868652560) NW/3 Safari/604.1","{""utm"": {""utm_term"": ""120238321957250765"", ""utm_medium"": ""paid_social"", ""utm_source"": ""instagram"", ""utm_content"": ""120238623885310765"", ""utm_campaign"": ""assessment_launch""}, ""meta"": {""fbclid"": ""PAZXh0bgNhZW0BMABhZGlkAassk6KEZo1zcnRjBmFwcF9pZA8xMjQwMjQ1NzQyODc0MTQAAaeV8Fg_wkXyfkLQakmJFMASj3lHx8Ex0pQ95vcVN5s0hJr9WynMYDOeePPdoQ_aem_woQC6TfCnHykqwa_HMDDSg""}}",,,,2026-03-11 23:43:42.085671,2026-03-11 23:43:42.085671,1,2026-03-11 23:43:42.085671
395,,instagram,assessment_launch,instagram,paid_social,assessment_launch,120238321957250765,120238324328080765,PAZXh0bgNhZW0BMABhZGlkAassk6Jy2l1zcnRjBmFwcF9pZA81NjcwNjczNDMzNTI0MjcAAae5Q2BWOlE2uOCo-O5hIWaMFRpVL7tRXh9dYvIv_tsTWmOQA-06JNZT5jTzVw_aem_Fyn6n5DJKqC52-K_xRLDxw,,,,,,,,,true,/ig/start?source=instagram&utm_source=instagram&utm_medium=paid_social&utm_campaign=assessment_launch&campaign=assessment_launch&utm_id=120238321957240765&utm_content=120238324328080765&utm_term=120238321957250765&fbclid=PAZXh0bgNhZW0BMABhZGlkAassk6Jy2l1zcnRjBmFwcF9pZA81NjcwNjczNDMzNTI0MjcAAae5Q2BWOlE2uOCo-O5hIWaMFRpVL7tRXh9dYvIv_tsTWmOQA-06JNZT5jTzVw_aem_Fyn6n5DJKqC52-K_xRLDxw,http://instagram.com/,82.132.233.57,"Mozilla/5.0 (Linux; Android 14; SM-A236B Build/UP1A.231005.007; wv) AppleWebKit/537.36 (KHTML, like Gecko) Version/4.0 Chrome/143.0.7499.186 Mobile Safari/537.36 Instagram 411.0.0.23.257 Android (34/14; 510dpi; 1080x2408; samsung; SM-A236B; a23xq; qcom; en_GB; 860442306; IABMV/1)","{""utm"": {""utm_term"": ""120238321957250765"", ""utm_medium"": ""paid_social"", ""utm_source"": ""instagram"", ""utm_content"": ""120238324328080765"", ""utm_campaign"": ""assessment_launch""}, ""meta"": {""fbclid"": ""PAZXh0bgNhZW0BMABhZGlkAassk6Jy2l1zcnRjBmFwcF9pZA81NjcwNjczNDMzNTI0MjcAAae5Q2BWOlE2uOCo-O5hIWaMFRpVL7tRXh9dYvIv_tsTWmOQA-06JNZT5jTzVw_aem_Fyn6n5DJKqC52-K_xRLDxw""}}",,,,2026-03-11 23:49:29.770615,2026-03-11 23:49:29.770615,1,2026-03-11 23:49:29.770615
396,,instagram,assessment_launch,instagram,paid_social,assessment_launch,120238321957250765,120238324328080765,PAZXh0bgNhZW0BMABhZGlkAassk6Jy2l1zcnRjBmFwcF9pZA81NjcwNjczNDMzNTI0MjcAAafHpGWMS7wwhvbL7Z1ME-Ya_i7fAw9VOYj1N2WJSNHtp2qaR-U3BCECFh-QYw_aem_HqBjviV5Gw3zAMJfeRSzbA,,,,,,,,,true,/ig/start?source=instagram&utm_source=instagram&utm_medium=paid_social&utm_campaign=assessment_launch&campaign=assessment_launch&utm_id=120238321957240765&utm_content=120238324328080765&utm_term=120238321957250765&fbclid=PAZXh0bgNhZW0BMABhZGlkAassk6Jy2l1zcnRjBmFwcF9pZA81NjcwNjczNDMzNTI0MjcAAafHpGWMS7wwhvbL7Z1ME-Ya_i7fAw9VOYj1N2WJSNHtp2qaR-U3BCECFh-QYw_aem_HqBjviV5Gw3zAMJfeRSzbA,http://instagram.com/,86.129.62.194,"Mozilla/5.0 (Linux; Android 16; SM-S911B Build/BP2A.250605.031.A3; wv) AppleWebKit/537.36 (KHTML, like Gecko) Version/4.0 Chrome/145.0.7632.154 Mobile Safari/537.36 Instagram 419.0.0.49.71 Android (36/16; 480dpi; 1080x2340; samsung; SM-S911B; dm1q; qcom; en_GB; 896334232; IABMV/1)","{""utm"": {""utm_term"": ""120238321957250765"", ""utm_medium"": ""paid_social"", ""utm_source"": ""instagram"", ""utm_content"": ""120238324328080765"", ""utm_campaign"": ""assessment_launch""}, ""meta"": {""fbclid"": ""PAZXh0bgNhZW0BMABhZGlkAassk6Jy2l1zcnRjBmFwcF9pZA81NjcwNjczNDMzNTI0MjcAAafHpGWMS7wwhvbL7Z1ME-Ya_i7fAw9VOYj1N2WJSNHtp2qaR-U3BCECFh-QYw_aem_HqBjviV5Gw3zAMJfeRSzbA""}}",,,,2026-03-11 23:56:15.422745,2026-03-11 23:56:15.422745,1,2026-03-11 23:56:15.422745
397,,instagram,assessment_launch,instagram,paid_social,assessment_launch,120238321957250765,120238324328080765,PAZXh0bgNhZW0BMABhZGlkAassk6Jy2l1zcnRjBmFwcF9pZA81NjcwNjczNDMzNTI0MjcAAadrPjQem-AJAHFm8WyNEbsyNURTedEqI59anblOGHPvn3rROETm_-XcoCpYEw_aem_U5xa1T66K9_pw9xrYWBtRA,,,,,,,,,true,/ig/start?source=instagram&utm_source=instagram&utm_medium=paid_social&utm_campaign=assessment_launch&campaign=assessment_launch&utm_id=120238321957240765&utm_content=120238324328080765&utm_term=120238321957250765&fbclid=PAZXh0bgNhZW0BMABhZGlkAassk6Jy2l1zcnRjBmFwcF9pZA81NjcwNjczNDMzNTI0MjcAAadrPjQem-AJAHFm8WyNEbsyNURTedEqI59anblOGHPvn3rROETm_-XcoCpYEw_aem_U5xa1T66K9_pw9xrYWBtRA,http://instagram.com/,62.56.64.177,"Mozilla/5.0 (Linux; Android 16; SM-S906B Build/BP2A.250605.031.A3; wv) AppleWebKit/537.36 (KHTML, like Gecko) Version/4.0 Chrome/145.0.7632.154 Mobile Safari/537.36 Instagram 419.0.0.49.71 Android (36/16; 450dpi; 1080x2340; samsung; SM-S906B; g0s; s5e9925; en_GB; 896334232; IABMV/1)","{""utm"": {""utm_term"": ""120238321957250765"", ""utm_medium"": ""paid_social"", ""utm_source"": ""instagram"", ""utm_content"": ""120238324328080765"", ""utm_campaign"": ""assessment_launch""}, ""meta"": {""fbclid"": ""PAZXh0bgNhZW0BMABhZGlkAassk6Jy2l1zcnRjBmFwcF9pZA81NjcwNjczNDMzNTI0MjcAAadrPjQem-AJAHFm8WyNEbsyNURTedEqI59anblOGHPvn3rROETm_-XcoCpYEw_aem_U5xa1T66K9_pw9xrYWBtRA""}}",,,,2026-03-12 00:04:57.65241,2026-03-12 00:04:57.65241,1,2026-03-12 00:04:57.65241
398,,instagram,assessment_launch,instagram,paid_social,assessment_launch,120238321957250765,120238324328080765,PAZXh0bgNhZW0BMABhZGlkAassk6Jy2l1zcnRjBmFwcF9pZA8xMjQwMjQ1NzQyODc0MTQAAadydKiGTLjSS-cTi7OOOZOjU1fpur87SHlv5y2d2j5gQQitrrgsXDoeI1CH9g_aem_ZJS4nSSTNXP0NRyp4irMxg,,,,,,,,,true,/ig/start?source=instagram&utm_source=instagram&utm_medium=paid_social&utm_campaign=assessment_launch&campaign=assessment_launch&utm_id=120238321957240765&utm_content=120238324328080765&utm_term=120238321957250765&fbclid=PAZXh0bgNhZW0BMABhZGlkAassk6Jy2l1zcnRjBmFwcF9pZA8xMjQwMjQ1NzQyODc0MTQAAadydKiGTLjSS-cTi7OOOZOjU1fpur87SHlv5y2d2j5gQQitrrgsXDoeI1CH9g_aem_ZJS4nSSTNXP0NRyp4irMxg,,2.122.40.251,"Mozilla/5.0 (iPhone; CPU iPhone OS 18_7 like Mac OS X) AppleWebKit/605.1.15 (KHTML, like Gecko) Mobile/23D8133 Instagram 419.0.0.27.74 (iPhone13,2; iOS 26_3_1; en_GB; en-GB; scale=3.00; 1170x2532; IABMV/1; 895010607) Safari/604.1","{""utm"": {""utm_term"": ""120238321957250765"", ""utm_medium"": ""paid_social"", ""utm_source"": ""instagram"", ""utm_content"": ""120238324328080765"", ""utm_campaign"": ""assessment_launch""}, ""meta"": {""fbclid"": ""PAZXh0bgNhZW0BMABhZGlkAassk6Jy2l1zcnRjBmFwcF9pZA8xMjQwMjQ1NzQyODc0MTQAAadydKiGTLjSS-cTi7OOOZOjU1fpur87SHlv5y2d2j5gQQitrrgsXDoeI1CH9g_aem_ZJS4nSSTNXP0NRyp4irMxg""}}",,,,2026-03-12 00:06:14.83985,2026-03-12 00:06:14.83985,1,2026-03-12 00:06:14.83985
399,,instagram,assessment_launch,instagram,paid_social,assessment_launch,120238321957250765,120238324542200765,PAZXh0bgNhZW0BMABhZGlkAassk6JO151zcnRjBmFwcF9pZA8xMjQwMjQ1NzQyODc0MTQAAae5l-nfjexeTyD7VJ1vgDWa37S1MQIGUEr7Zd6zV5fMWg_THaR0hNODJpXexg_aem_OzrnnfXz-ei0vyw4TEl0Xw,,,,,,,,,true,/ig/start?source=instagram&utm_source=instagram&utm_medium=paid_social&utm_campaign=assessment_launch&campaign=assessment_launch&utm_id=120238321957240765&utm_content=120238324542200765&utm_term=120238321957250765&fbclid=PAZXh0bgNhZW0BMABhZGlkAassk6JO151zcnRjBmFwcF9pZA8xMjQwMjQ1NzQyODc0MTQAAae5l-nfjexeTyD7VJ1vgDWa37S1MQIGUEr7Zd6zV5fMWg_THaR0hNODJpXexg_aem_OzrnnfXz-ei0vyw4TEl0Xw,https://instagram.com/,91.109.238.5,"Mozilla/5.0 (iPhone; CPU iPhone OS 18_7 like Mac OS X) AppleWebKit/605.1.15 (KHTML, like Gecko) Mobile/23C71 Safari/604.1 Instagram 419.0.0.27.74 (iPhone13,1; iOS 26_2_1; en_GB; en-GB; scale=3.00; 1125x2436; IABMV/1; 895010607) NW/8","{""utm"": {""utm_term"": ""120238321957250765"", ""utm_medium"": ""paid_social"", ""utm_source"": ""instagram"", ""utm_content"": ""120238324542200765"", ""utm_campaign"": ""assessment_launch""}, ""meta"": {""fbclid"": ""PAZXh0bgNhZW0BMABhZGlkAassk6JO151zcnRjBmFwcF9pZA8xMjQwMjQ1NzQyODc0MTQAAae5l-nfjexeTyD7VJ1vgDWa37S1MQIGUEr7Zd6zV5fMWg_THaR0hNODJpXexg_aem_OzrnnfXz-ei0vyw4TEl0Xw""}}",,,,2026-03-12 00:06:52.900578,2026-03-12 00:06:52.900578,1,2026-03-12 00:06:52.900578
400,,instagram,assessment_launch,instagram,paid_social,assessment_launch,120238321957250765,120238623885310765,PAZXh0bgNhZW0BMABhZGlkAassk6KEZo1zcnRjBmFwcF9pZA8xMjQwMjQ1NzQyODc0MTQAAackWwqlkSn8oQR67c671JNZjjAxo8RtlMTzSzo2Jg4UC65_JRHVqtCbyZnwOQ_aem_iagA63Vz1ChClnuJuZz2Fw,,,,,,,,,true,/ig/start?source=instagram&utm_source=instagram&utm_medium=paid_social&utm_campaign=assessment_launch&campaign=assessment_launch&utm_id=120238321957240765&utm_content=120238623885310765&utm_term=120238321957250765&fbclid=PAZXh0bgNhZW0BMABhZGlkAassk6KEZo1zcnRjBmFwcF9pZA8xMjQwMjQ1NzQyODc0MTQAAackWwqlkSn8oQR67c671JNZjjAxo8RtlMTzSzo2Jg4UC65_JRHVqtCbyZnwOQ_aem_iagA63Vz1ChClnuJuZz2Fw,,89.240.107.205,"Mozilla/5.0 (iPhone; CPU iPhone OS 18_4_1 like Mac OS X) AppleWebKit/605.1.15 (KHTML, like Gecko) Mobile/22E252 Instagram 416.0.0.26.68 (iPhone12,1; iOS 18_4_1; en_GB; en-GB; scale=2.00; 828x1792; IABMV/1; 878272737) NW/3 Safari/604.1","{""utm"": {""utm_term"": ""120238321957250765"", ""utm_medium"": ""paid_social"", ""utm_source"": ""instagram"", ""utm_content"": ""120238623885310765"", ""utm_campaign"": ""assessment_launch""}, ""meta"": {""fbclid"": ""PAZXh0bgNhZW0BMABhZGlkAassk6KEZo1zcnRjBmFwcF9pZA8xMjQwMjQ1NzQyODc0MTQAAackWwqlkSn8oQR67c671JNZjjAxo8RtlMTzSzo2Jg4UC65_JRHVqtCbyZnwOQ_aem_iagA63Vz1ChClnuJuZz2Fw""}}",,,,2026-03-12 00:26:55.279852,2026-03-12 00:26:55.279852,1,2026-03-12 00:26:55.279852
401,,instagram,assessment_launch,instagram,paid_social,assessment_launch,120238321957250765,120238324328080765,PAZXh0bgNhZW0BMABhZGlkAassk6Jy2l1zcnRjBmFwcF9pZA81NjcwNjczNDMzNTI0MjcAAac-kmVkX9NTceDbr8R10rp6aUB_ZZOL95sdQ0WsMYhAHeInzUteiosMuysALw_aem_II8f1TDJLGqoxSdgdXnh6w,,,,,,,,,true,/ig/start?source=instagram&utm_source=instagram&utm_medium=paid_social&utm_campaign=assessment_launch&campaign=assessment_launch&utm_id=120238321957240765&utm_content=120238324328080765&utm_term=120238321957250765&fbclid=PAZXh0bgNhZW0BMABhZGlkAassk6Jy2l1zcnRjBmFwcF9pZA81NjcwNjczNDMzNTI0MjcAAac-kmVkX9NTceDbr8R10rp6aUB_ZZOL95sdQ0WsMYhAHeInzUteiosMuysALw_aem_II8f1TDJLGqoxSdgdXnh6w,http://m.facebook.com/,82.69.53.160,"Mozilla/5.0 (Linux; Android 12; SM-G973F Build/SP1A.210812.016; wv) AppleWebKit/537.36 (KHTML, like Gecko) Version/4.0 Chrome/145.0.7632.154 Mobile Safari/537.36 Instagram 419.0.0.49.71 Android (31/12; 420dpi; 1080x2280; samsung; SM-G973F; beyond1; exynos9820; en_GB; 896334232; IABMV/1)","{""utm"": {""utm_term"": ""120238321957250765"", ""utm_medium"": ""paid_social"", ""utm_source"": ""instagram"", ""utm_content"": ""120238324328080765"", ""utm_campaign"": ""assessment_launch""}, ""meta"": {""fbclid"": ""PAZXh0bgNhZW0BMABhZGlkAassk6Jy2l1zcnRjBmFwcF9pZA81NjcwNjczNDMzNTI0MjcAAac-kmVkX9NTceDbr8R10rp6aUB_ZZOL95sdQ0WsMYhAHeInzUteiosMuysALw_aem_II8f1TDJLGqoxSdgdXnh6w""}}",,,,2026-03-12 00:44:05.407819,2026-03-12 00:44:05.407819,1,2026-03-12 00:44:05.407819
402,,instagram,assessment_launch,instagram,paid_social,assessment_launch,120238321957250765,120238324328080765,PAZXh0bgNhZW0BMABhZGlkAassk6Jy2l1zcnRjBmFwcF9pZA81NjcwNjczNDMzNTI0MjcAAac-kmVkX9NTceDbr8R10rp6aUB_ZZOL95sdQ0WsMYhAHeInzUteiosMuysALw_aem_II8f1TDJLGqoxSdgdXnh6w,,,,,,,,,true,/ig/start?source=instagram&utm_source=instagram&utm_medium=paid_social&utm_campaign=assessment_launch&campaign=assessment_launch&utm_id=120238321957240765&utm_content=120238324328080765&utm_term=120238321957250765&fbclid=PAZXh0bgNhZW0BMABhZGlkAassk6Jy2l1zcnRjBmFwcF9pZA81NjcwNjczNDMzNTI0MjcAAac-kmVkX9NTceDbr8R10rp6aUB_ZZOL95sdQ0WsMYhAHeInzUteiosMuysALw_aem_II8f1TDJLGqoxSdgdXnh6w,http://instagram.com/,82.69.53.160,"Mozilla/5.0 (Linux; Android 12; SM-G973F Build/SP1A.210812.016; wv) AppleWebKit/537.36 (KHTML, like Gecko) Version/4.0 Chrome/145.0.7632.154 Mobile Safari/537.36 Instagram 419.0.0.49.71 Android (31/12; 420dpi; 1080x2280; samsung; SM-G973F; beyond1; exynos9820; en_GB; 896334232; IABMV/1) NV/7","{""utm"": {""utm_term"": ""120238321957250765"", ""utm_medium"": ""paid_social"", ""utm_source"": ""instagram"", ""utm_content"": ""120238324328080765"", ""utm_campaign"": ""assessment_launch""}, ""meta"": {""fbclid"": ""PAZXh0bgNhZW0BMABhZGlkAassk6Jy2l1zcnRjBmFwcF9pZA81NjcwNjczNDMzNTI0MjcAAac-kmVkX9NTceDbr8R10rp6aUB_ZZOL95sdQ0WsMYhAHeInzUteiosMuysALw_aem_II8f1TDJLGqoxSdgdXnh6w""}}",,,,2026-03-12 00:44:08.511416,2026-03-12 00:44:08.511416,1,2026-03-12 00:44:08.511416
403,,instagram,assessment_launch,instagram,paid_social,assessment_launch,120238321957250765,120238324328080765,PAZXh0bgNhZW0BMABhZGlkAassk6Jy2l1zcnRjBmFwcF9pZA8xMjQwMjQ1NzQyODc0MTQAAafVN7ZGODIUwdNnYgLv19AdBEsCFPtKklSM8z69_4SeEDAP9ZTSRtEKYNWvgA_aem_Y4jZVxRSV60e87Y6bkZnrQ,,,,,,,,,true,/ig/start?source=instagram&utm_source=instagram&utm_medium=paid_social&utm_campaign=assessment_launch&campaign=assessment_launch&utm_id=120238321957240765&utm_content=120238324328080765&utm_term=120238321957250765&fbclid=PAZXh0bgNhZW0BMABhZGlkAassk6Jy2l1zcnRjBmFwcF9pZA8xMjQwMjQ1NzQyODc0MTQAAafVN7ZGODIUwdNnYgLv19AdBEsCFPtKklSM8z69_4SeEDAP9ZTSRtEKYNWvgA_aem_Y4jZVxRSV60e87Y6bkZnrQ,,5.68.252.242,"Mozilla/5.0 (iPhone; CPU iPhone OS 18_7 like Mac OS X) AppleWebKit/605.1.15 (KHTML, like Gecko) Mobile/23D8133 Instagram 419.0.0.27.74 (iPhone13,2; iOS 26_3_1; en_GB; en-GB; scale=3.00; 1170x2532; IABMV/1; 895010607) Safari/604.1","{""utm"": {""utm_term"": ""120238321957250765"", ""utm_medium"": ""paid_social"", ""utm_source"": ""instagram"", ""utm_content"": ""120238324328080765"", ""utm_campaign"": ""assessment_launch""}, ""meta"": {""fbclid"": ""PAZXh0bgNhZW0BMABhZGlkAassk6Jy2l1zcnRjBmFwcF9pZA8xMjQwMjQ1NzQyODc0MTQAAafVN7ZGODIUwdNnYgLv19AdBEsCFPtKklSM8z69_4SeEDAP9ZTSRtEKYNWvgA_aem_Y4jZVxRSV60e87Y6bkZnrQ""}}",,,,2026-03-12 00:45:12.749183,2026-03-12 00:45:12.749183,1,2026-03-12 00:45:12.749183
404,,instagram,assessment_launch,instagram,paid_social,assessment_launch,120238321957250765,120238623885310765,PAZXh0bgNhZW0BMABhZGlkAassk6KEZo1zcnRjBmFwcF9pZA81NjcwNjczNDMzNTI0MjcAAac-2rDAvX7gmi7eRbKDQDuzZrrQFHaTdQWAPZf2jPZpr2gOh02lySdJxKkl5g_aem__-xNicgmj58z8klrFHtH3w,,,,,,,,,true,/ig/start?source=instagram&utm_source=instagram&utm_medium=paid_social&utm_campaign=assessment_launch&campaign=assessment_launch&utm_id=120238321957240765&utm_content=120238623885310765&utm_term=120238321957250765&fbclid=PAZXh0bgNhZW0BMABhZGlkAassk6KEZo1zcnRjBmFwcF9pZA81NjcwNjczNDMzNTI0MjcAAac-2rDAvX7gmi7eRbKDQDuzZrrQFHaTdQWAPZf2jPZpr2gOh02lySdJxKkl5g_aem__-xNicgmj58z8klrFHtH3w,http://instagram.com/,90.209.250.28,"Mozilla/5.0 (Linux; Android 16; DNP-NX9 Build/HONORDNP-N39; wv) AppleWebKit/537.36 (KHTML, like Gecko) Version/4.0 Chrome/145.0.7632.154 Mobile Safari/537.36 Instagram 419.0.0.49.71 Android (36/16; 560dpi; 1280x2800; HONOR; DNP-NX9; HNDNPX; qcom; en_GB; 896334238; IABMV/1)","{""utm"": {""utm_term"": ""120238321957250765"", ""utm_medium"": ""paid_social"", ""utm_source"": ""instagram"", ""utm_content"": ""120238623885310765"", ""utm_campaign"": ""assessment_launch""}, ""meta"": {""fbclid"": ""PAZXh0bgNhZW0BMABhZGlkAassk6KEZo1zcnRjBmFwcF9pZA81NjcwNjczNDMzNTI0MjcAAac-2rDAvX7gmi7eRbKDQDuzZrrQFHaTdQWAPZf2jPZpr2gOh02lySdJxKkl5g_aem__-xNicgmj58z8klrFHtH3w""}}",,,,2026-03-12 01:03:29.681931,2026-03-12 01:03:29.681931,1,2026-03-12 01:03:29.681931
405,,instagram,assessment_launch,instagram,paid_social,assessment_launch,120238321957250765,120238623885310765,PAZXh0bgNhZW0BMABhZGlkAassk6KEZo1zcnRjBmFwcF9pZA81NjcwNjczNDMzNTI0MjcAAacb9a3jhhvNGHCWWed_Gj-E7Whg7Z_5Lyf0whsHWK2ykqicliSXRLWHovYVpQ_aem_d_cVOXjlPZqX7XuIUXaP4g,,,,,,,,,true,/ig/start?source=instagram&utm_source=instagram&utm_medium=paid_social&utm_campaign=assessment_launch&campaign=assessment_launch&utm_id=120238321957240765&utm_content=120238623885310765&utm_term=120238321957250765&fbclid=PAZXh0bgNhZW0BMABhZGlkAassk6KEZo1zcnRjBmFwcF9pZA81NjcwNjczNDMzNTI0MjcAAacb9a3jhhvNGHCWWed_Gj-E7Whg7Z_5Lyf0whsHWK2ykqicliSXRLWHovYVpQ_aem_d_cVOXjlPZqX7XuIUXaP4g,http://instagram.com/,192.41.125.254,"Mozilla/5.0 (Linux; Android 15; 2312DRA50I Build/AQ3A.240912.001; wv) AppleWebKit/537.36 (KHTML, like Gecko) Version/4.0 Chrome/145.0.7632.154 Mobile Safari/537.36 Instagram 419.0.0.49.71 Android (35/15; 480dpi; 1220x2712; Xiaomi/Redmi; 2312DRA50I; garnet; qcom; en_IN; 896334232; IABMV/1)","{""utm"": {""utm_term"": ""120238321957250765"", ""utm_medium"": ""paid_social"", ""utm_source"": ""instagram"", ""utm_content"": ""120238623885310765"", ""utm_campaign"": ""assessment_launch""}, ""meta"": {""fbclid"": ""PAZXh0bgNhZW0BMABhZGlkAassk6KEZo1zcnRjBmFwcF9pZA81NjcwNjczNDMzNTI0MjcAAacb9a3jhhvNGHCWWed_Gj-E7Whg7Z_5Lyf0whsHWK2ykqicliSXRLWHovYVpQ_aem_d_cVOXjlPZqX7XuIUXaP4g""}}",,,,2026-03-12 01:42:48.318109,2026-03-12 01:42:48.318109,1,2026-03-12 01:42:48.318109
406,,instagram,assessment_launch,instagram,paid_social,assessment_launch,120238321957250765,120238324328080765,PAZXh0bgNhZW0BMABhZGlkAassk6Jy2l1zcnRjBmFwcF9pZA81NjcwNjczNDMzNTI0MjcAAacTwI5Dv7VEV37foazQmlMiDk8TeXTryAePZGED6JaRS8qVdaDmux9TjxuslQ_aem_z-a0jWlGghTGO0fvAsXUBg,,,,,,,,,true,/ig/start?source=instagram&utm_source=instagram&utm_medium=paid_social&utm_campaign=assessment_launch&campaign=assessment_launch&utm_id=120238321957240765&utm_content=120238324328080765&utm_term=120238321957250765&fbclid=PAZXh0bgNhZW0BMABhZGlkAassk6Jy2l1zcnRjBmFwcF9pZA81NjcwNjczNDMzNTI0MjcAAacTwI5Dv7VEV37foazQmlMiDk8TeXTryAePZGED6JaRS8qVdaDmux9TjxuslQ_aem_z-a0jWlGghTGO0fvAsXUBg,http://instagram.com/,81.101.76.155,"Mozilla/5.0 (Linux; Android 16; SM-S926B Build/BP2A.250605.031.A3; wv) AppleWebKit/537.36 (KHTML, like Gecko) Version/4.0 Chrome/145.0.7632.154 Mobile Safari/537.36 Instagram 419.0.0.49.71 Android (36/16; 450dpi; 1080x2340; samsung; SM-S926B; e2s; s5e9945; en_GB; 896334232; IABMV/1)","{""utm"": {""utm_term"": ""120238321957250765"", ""utm_medium"": ""paid_social"", ""utm_source"": ""instagram"", ""utm_content"": ""120238324328080765"", ""utm_campaign"": ""assessment_launch""}, ""meta"": {""fbclid"": ""PAZXh0bgNhZW0BMABhZGlkAassk6Jy2l1zcnRjBmFwcF9pZA81NjcwNjczNDMzNTI0MjcAAacTwI5Dv7VEV37foazQmlMiDk8TeXTryAePZGED6JaRS8qVdaDmux9TjxuslQ_aem_z-a0jWlGghTGO0fvAsXUBg""}}",,,,2026-03-12 01:59:17.672666,2026-03-12 01:59:17.672666,1,2026-03-12 01:59:17.672666
407,,instagram,assessment_launch,instagram,paid_social,assessment_launch,120238321957250765,120238324328080765,PAZXh0bgNhZW0BMABhZGlkAassk6Jy2l1zcnRjBmFwcF9pZA81NjcwNjczNDMzNTI0MjcAAafEfc-Id0S1AdbNrVY5eSwPn96nzsm2fd13HH5l2QFzzA6ZuetHSg_jv3Firw_aem_8hvbG4jJJfUzjmcKpnv3fw,,,,,,,,,true,/ig/start?source=instagram&utm_source=instagram&utm_medium=paid_social&utm_campaign=assessment_launch&campaign=assessment_launch&utm_id=120238321957240765&utm_content=120238324328080765&utm_term=120238321957250765&fbclid=PAZXh0bgNhZW0BMABhZGlkAassk6Jy2l1zcnRjBmFwcF9pZA81NjcwNjczNDMzNTI0MjcAAafEfc-Id0S1AdbNrVY5eSwPn96nzsm2fd13HH5l2QFzzA6ZuetHSg_jv3Firw_aem_8hvbG4jJJfUzjmcKpnv3fw,http://m.facebook.com/,90.213.44.45,"Mozilla/5.0 (Linux; Android 10; VOG-L29 Build/HUAWEIVOG-L29; wv) AppleWebKit/537.36 (KHTML, like Gecko) Version/4.0 Chrome/145.0.7632.154 Mobile Safari/537.36 Instagram 419.0.0.49.71 Android (29/10; 480dpi; 1080x2340; HUAWEI; VOG-L29; HWVOG; kirin980; en_GB; 896334170; IABMV/1)","{""utm"": {""utm_term"": ""120238321957250765"", ""utm_medium"": ""paid_social"", ""utm_source"": ""instagram"", ""utm_content"": ""120238324328080765"", ""utm_campaign"": ""assessment_launch""}, ""meta"": {""fbclid"": ""PAZXh0bgNhZW0BMABhZGlkAassk6Jy2l1zcnRjBmFwcF9pZA81NjcwNjczNDMzNTI0MjcAAafEfc-Id0S1AdbNrVY5eSwPn96nzsm2fd13HH5l2QFzzA6ZuetHSg_jv3Firw_aem_8hvbG4jJJfUzjmcKpnv3fw""}}",,,,2026-03-12 01:59:22.428188,2026-03-12 01:59:22.428188,1,2026-03-12 01:59:22.428188
408,,instagram,assessment_launch,instagram,paid_social,assessment_launch,120238321957250765,120238324328080765,PAZXh0bgNhZW0BMABhZGlkAassk6Jy2l1zcnRjBmFwcF9pZA8xMjQwMjQ1NzQyODc0MTQAAacOE1Xkj6X3izxtPiSa1AjSn7jdLFWaXt3Iw-uBXwkw8_dKFk_fIpyoihwO6Q_aem_iHJDdKgojtb8EQJoEqVg2g,,,,,,,,,true,/ig/start?source=instagram&utm_source=instagram&utm_medium=paid_social&utm_campaign=assessment_launch&campaign=assessment_launch&utm_id=120238321957240765&utm_content=120238324328080765&utm_term=120238321957250765&fbclid=PAZXh0bgNhZW0BMABhZGlkAassk6Jy2l1zcnRjBmFwcF9pZA8xMjQwMjQ1NzQyODc0MTQAAacOE1Xkj6X3izxtPiSa1AjSn7jdLFWaXt3Iw-uBXwkw8_dKFk_fIpyoihwO6Q_aem_iHJDdKgojtb8EQJoEqVg2g,,80.46.145.219,"Mozilla/5.0 (iPhone; CPU iPhone OS 16_7_14 like Mac OS X) AppleWebKit/605.1.15 (KHTML, like Gecko) Mobile/20H370 Instagram 419.0.0.27.74 (iPhone10,5; iOS 16_7_14; en_GB; en-GB; scale=3.00; 1125x2001; IABMV/1; 895010607) NW/3 Safari/604.1","{""utm"": {""utm_term"": ""120238321957250765"", ""utm_medium"": ""paid_social"", ""utm_source"": ""instagram"", ""utm_content"": ""120238324328080765"", ""utm_campaign"": ""assessment_launch""}, ""meta"": {""fbclid"": ""PAZXh0bgNhZW0BMABhZGlkAassk6Jy2l1zcnRjBmFwcF9pZA8xMjQwMjQ1NzQyODc0MTQAAacOE1Xkj6X3izxtPiSa1AjSn7jdLFWaXt3Iw-uBXwkw8_dKFk_fIpyoihwO6Q_aem_iHJDdKgojtb8EQJoEqVg2g""}}",,,,2026-03-12 02:14:23.993538,2026-03-12 02:14:23.993538,1,2026-03-12 02:14:23.993538
409,,instagram,assessment_launch,instagram,paid_social,assessment_launch,120238321957250765,120238324328080765,PAZXh0bgNhZW0BMABhZGlkAassk6Jy2l1zcnRjBmFwcF9pZA8xMjQwMjQ1NzQyODc0MTQAAae2XEPIWLBs0pOway2odltX7qz3FiCQon114yU_SkGdH92VMOQgnVZN7D5XSg_aem_M-zCYvnP5MKgfwELML94Pw,,,,,,,,,true,/ig/start?source=instagram&utm_source=instagram&utm_medium=paid_social&utm_campaign=assessment_launch&campaign=assessment_launch&utm_id=120238321957240765&utm_content=120238324328080765&utm_term=120238321957250765&fbclid=PAZXh0bgNhZW0BMABhZGlkAassk6Jy2l1zcnRjBmFwcF9pZA8xMjQwMjQ1NzQyODc0MTQAAae2XEPIWLBs0pOway2odltX7qz3FiCQon114yU_SkGdH92VMOQgnVZN7D5XSg_aem_M-zCYvnP5MKgfwELML94Pw,http://instagram.com/,82.15.145.71,"Mozilla/5.0 (iPhone; CPU iPhone OS 18_6_2 like Mac OS X) AppleWebKit/605.1.15 (KHTML, like Gecko) Mobile/22G100 Instagram 419.0.0.27.74 (iPhone14,6; iOS 18_6_2; en_GB; en-GB; scale=2.00; 750x1334; IABMV/1; 895010607) Safari/604.1","{""utm"": {""utm_term"": ""120238321957250765"", ""utm_medium"": ""paid_social"", ""utm_source"": ""instagram"", ""utm_content"": ""120238324328080765"", ""utm_campaign"": ""assessment_launch""}, ""meta"": {""fbclid"": ""PAZXh0bgNhZW0BMABhZGlkAassk6Jy2l1zcnRjBmFwcF9pZA8xMjQwMjQ1NzQyODc0MTQAAae2XEPIWLBs0pOway2odltX7qz3FiCQon114yU_SkGdH92VMOQgnVZN7D5XSg_aem_M-zCYvnP5MKgfwELML94Pw""}}",,,,2026-03-12 02:24:43.499744,2026-03-12 02:24:43.499744,1,2026-03-12 02:24:43.499744
410,,instagram,assessment_launch,instagram,paid_social,assessment_launch,120238321957250765,120238324328080765,PAZXh0bgNhZW0BMABhZGlkAassk6Jy2l1zcnRjBmFwcF9pZA81NjcwNjczNDMzNTI0MjcAAaf-Edii0WQrpmUINea4BCSitufq97csdi_aFmKnyTrFd4bKRxonTz1CwOOOiQ_aem_m6Pg9U5RF-tSxv34QrC7dw,,,,,,,,,true,/ig/start?source=instagram&utm_source=instagram&utm_medium=paid_social&utm_campaign=assessment_launch&campaign=assessment_launch&utm_id=120238321957240765&utm_content=120238324328080765&utm_term=120238321957250765&fbclid=PAZXh0bgNhZW0BMABhZGlkAassk6Jy2l1zcnRjBmFwcF9pZA81NjcwNjczNDMzNTI0MjcAAaf-Edii0WQrpmUINea4BCSitufq97csdi_aFmKnyTrFd4bKRxonTz1CwOOOiQ_aem_m6Pg9U5RF-tSxv34QrC7dw,http://instagram.com/,81.154.225.130,"Mozilla/5.0 (Linux; Android 14; SM-A137F Build/UP1A.231005.007; wv) AppleWebKit/537.36 (KHTML, like Gecko) Version/4.0 Chrome/145.0.7632.120 Mobile Safari/537.36 Instagram 419.0.0.49.71 Android (34/14; 450dpi; 1080x2408; samsung; SM-A137F; a13ve; mt6768; en_GB; 896334220; IABMV/1)","{""utm"": {""utm_term"": ""120238321957250765"", ""utm_medium"": ""paid_social"", ""utm_source"": ""instagram"", ""utm_content"": ""120238324328080765"", ""utm_campaign"": ""assessment_launch""}, ""meta"": {""fbclid"": ""PAZXh0bgNhZW0BMABhZGlkAassk6Jy2l1zcnRjBmFwcF9pZA81NjcwNjczNDMzNTI0MjcAAaf-Edii0WQrpmUINea4BCSitufq97csdi_aFmKnyTrFd4bKRxonTz1CwOOOiQ_aem_m6Pg9U5RF-tSxv34QrC7dw""}}",,,,2026-03-12 03:03:04.575352,2026-03-12 03:03:04.575352,1,2026-03-12 03:03:04.575352
411,399,instagram,assessment_launch,instagram,paid_social,assessment_launch,120238321957250765,120238623885310765,PAZXh0bgNhZW0BMABhZGlkAassk6KEZo1zcnRjBmFwcF9pZA8xMjQwMjQ1NzQyODc0MTQAAaeuPIYGsQbJWQfAauniFd_s8yrOWXBzDyC1XS1H1a95l0xedoVwwIqFf-SqQQ_aem_oKWiWGAeKVzSixYEdBwYxg,,,,,,,,,true,/ig/start?source=instagram&utm_source=instagram&utm_medium=paid_social&utm_campaign=assessment_launch&campaign=assessment_launch&utm_id=120238321957240765&utm_content=120238623885310765&utm_term=120238321957250765&fbclid=PAZXh0bgNhZW0BMABhZGlkAassk6KEZo1zcnRjBmFwcF9pZA8xMjQwMjQ1NzQyODc0MTQAAaeuPIYGsQbJWQfAauniFd_s8yrOWXBzDyC1XS1H1a95l0xedoVwwIqFf-SqQQ_aem_oKWiWGAeKVzSixYEdBwYxg,,188.30.223.104,"Mozilla/5.0 (iPhone; CPU iPhone OS 18_7 like Mac OS X) AppleWebKit/605.1.15 (KHTML, like Gecko) Mobile/23D8133 Instagram 419.0.0.27.74 (iPhone16,2; iOS 26_3_1; en_GB; en-GB; scale=3.00; 1290x2796; IABMV/1; 895010607) NW/3 Safari/604.1","{""utm"": {""utm_term"": ""120238321957250765"", ""utm_medium"": ""paid_social"", ""utm_source"": ""instagram"", ""utm_content"": ""120238623885310765"", ""utm_campaign"": ""assessment_launch""}, ""meta"": {""fbclid"": ""PAZXh0bgNhZW0BMABhZGlkAassk6KEZo1zcnRjBmFwcF9pZA8xMjQwMjQ1NzQyODc0MTQAAaeuPIYGsQbJWQfAauniFd_s8yrOWXBzDyC1XS1H1a95l0xedoVwwIqFf-SqQQ_aem_oKWiWGAeKVzSixYEdBwYxg""}}",2026-03-12 03:17:58.858258,,,2026-03-12 03:17:46.059788,2026-03-12 03:17:58.858258,1,2026-03-12 03:17:46.059788
412,,instagram,assessment_launch,instagram,paid_social,assessment_launch,120238321957250765,120238623885310765,PAZXh0bgNhZW0BMABhZGlkAassk6KEZo1zcnRjBmFwcF9pZA81NjcwNjczNDMzNTI0MjcAAacv9yzo5jOkRydun_scEUajjYU50jCow6Iux3I_ZZ6oD3KL2xLz7kwVHGV2Dw_aem_FD2xNPQ1pdoc6skXVDfdHA,,,,,,,,,true,/ig/start?source=instagram&utm_source=instagram&utm_medium=paid_social&utm_campaign=assessment_launch&campaign=assessment_launch&utm_id=120238321957240765&utm_content=120238623885310765&utm_term=120238321957250765&fbclid=PAZXh0bgNhZW0BMABhZGlkAassk6KEZo1zcnRjBmFwcF9pZA81NjcwNjczNDMzNTI0MjcAAacv9yzo5jOkRydun_scEUajjYU50jCow6Iux3I_ZZ6oD3KL2xLz7kwVHGV2Dw_aem_FD2xNPQ1pdoc6skXVDfdHA,http://instagram.com/,31.94.26.173,"Mozilla/5.0 (Linux; Android 16; 23117RA68G Build/BP2A.250605.031.A3; wv) AppleWebKit/537.36 (KHTML, like Gecko) Version/4.0 Chrome/145.0.7632.154 Mobile Safari/537.36 Instagram 419.0.0.49.71 Android (36/16; 345dpi; 1080x2400; Xiaomi/Redmi; 23117RA68G; emerald; mt6789; en_GB; 896334170; IABMV/1)","{""utm"": {""utm_term"": ""120238321957250765"", ""utm_medium"": ""paid_social"", ""utm_source"": ""instagram"", ""utm_content"": ""120238623885310765"", ""utm_campaign"": ""assessment_launch""}, ""meta"": {""fbclid"": ""PAZXh0bgNhZW0BMABhZGlkAassk6KEZo1zcnRjBmFwcF9pZA81NjcwNjczNDMzNTI0MjcAAacv9yzo5jOkRydun_scEUajjYU50jCow6Iux3I_ZZ6oD3KL2xLz7kwVHGV2Dw_aem_FD2xNPQ1pdoc6skXVDfdHA""}}",,,,2026-03-12 03:37:51.431904,2026-03-12 03:37:51.431904,1,2026-03-12 03:37:51.431904
413,,instagram,assessment_launch,instagram,paid_social,assessment_launch,120238321957250765,120238324328080765,PAZXh0bgNhZW0BMABhZGlkAassk6Jy2l1zcnRjBmFwcF9pZA81NjcwNjczNDMzNTI0MjcAAacsT7R4QyVf3ixDLra_QIMqjugBEF9ppd3kiujZS1drg67VHCpBkwWs0WMryA_aem_86c8E6bC5IAzKifBDwnjNQ,,,,,,,,,true,/ig/start?source=instagram&utm_source=instagram&utm_medium=paid_social&utm_campaign=assessment_launch&campaign=assessment_launch&utm_id=120238321957240765&utm_content=120238324328080765&utm_term=120238321957250765&fbclid=PAZXh0bgNhZW0BMABhZGlkAassk6Jy2l1zcnRjBmFwcF9pZA81NjcwNjczNDMzNTI0MjcAAacsT7R4QyVf3ixDLra_QIMqjugBEF9ppd3kiujZS1drg67VHCpBkwWs0WMryA_aem_86c8E6bC5IAzKifBDwnjNQ,http://instagram.com/,51.190.88.217,"Mozilla/5.0 (Linux; Android 16; SM-S911B Build/BP2A.250605.031.A3; wv) AppleWebKit/537.36 (KHTML, like Gecko) Version/4.0 Chrome/145.0.7632.154 Mobile Safari/537.36 Instagram 419.0.0.49.71 Android (36/16; 480dpi; 1080x2340; samsung; SM-S911B; dm1q; qcom; en_GB; 896334232; IABMV/1)","{""utm"": {""utm_term"": ""120238321957250765"", ""utm_medium"": ""paid_social"", ""utm_source"": ""instagram"", ""utm_content"": ""120238324328080765"", ""utm_campaign"": ""assessment_launch""}, ""meta"": {""fbclid"": ""PAZXh0bgNhZW0BMABhZGlkAassk6Jy2l1zcnRjBmFwcF9pZA81NjcwNjczNDMzNTI0MjcAAacsT7R4QyVf3ixDLra_QIMqjugBEF9ppd3kiujZS1drg67VHCpBkwWs0WMryA_aem_86c8E6bC5IAzKifBDwnjNQ""}}",,,,2026-03-12 04:53:17.625976,2026-03-12 04:53:17.625976,1,2026-03-12 04:53:17.625976
414,,instagram,assessment_launch,instagram,paid_social,assessment_launch,120238321957250765,120238324328080765,PAZXh0bgNhZW0BMABhZGlkAassk6Jy2l1zcnRjBmFwcF9pZA81NjcwNjczNDMzNTI0MjcAAadiShaadrMFmjZLChTfi4RWOHR_dD9-BL0cOqwYy0b-WQyiffYBkozT6p5n5g_aem_PTgxxHnjLP3ZBjiK8DD0vw,,,,,,,,,true,/ig/start?source=instagram&utm_source=instagram&utm_medium=paid_social&utm_campaign=assessment_launch&campaign=assessment_launch&utm_id=120238321957240765&utm_content=120238324328080765&utm_term=120238321957250765&fbclid=PAZXh0bgNhZW0BMABhZGlkAassk6Jy2l1zcnRjBmFwcF9pZA81NjcwNjczNDMzNTI0MjcAAadiShaadrMFmjZLChTfi4RWOHR_dD9-BL0cOqwYy0b-WQyiffYBkozT6p5n5g_aem_PTgxxHnjLP3ZBjiK8DD0vw,http://instagram.com/,148.252.149.155,"Mozilla/5.0 (Linux; Android 16; SM-A536B Build/BP2A.250605.031.A3; wv) AppleWebKit/537.36 (KHTML, like Gecko) Version/4.0 Chrome/145.0.7632.154 Mobile Safari/537.36 Instagram 419.0.0.49.71 Android (36/16; 540dpi; 1080x2400; samsung; SM-A536B; a53x; s5e8825; en_GB; 896334238; IABMV/1)","{""utm"": {""utm_term"": ""120238321957250765"", ""utm_medium"": ""paid_social"", ""utm_source"": ""instagram"", ""utm_content"": ""120238324328080765"", ""utm_campaign"": ""assessment_launch""}, ""meta"": {""fbclid"": ""PAZXh0bgNhZW0BMABhZGlkAassk6Jy2l1zcnRjBmFwcF9pZA81NjcwNjczNDMzNTI0MjcAAadiShaadrMFmjZLChTfi4RWOHR_dD9-BL0cOqwYy0b-WQyiffYBkozT6p5n5g_aem_PTgxxHnjLP3ZBjiK8DD0vw""}}",,,,2026-03-12 04:58:04.004479,2026-03-12 04:58:04.004479,1,2026-03-12 04:58:04.004479
415,,instagram,assessment_launch,instagram,paid_social,assessment_launch,120238321957250765,120238324542200765,PAZXh0bgNhZW0BMABhZGlkAassk6JO151zcnRjBmFwcF9pZA81NjcwNjczNDMzNTI0MjcAAac1c_V__B6dmUkfmVSlmCRv8FwsDctiJqSCkd7OSnZqE2LfQUQJvLTQuwgBKQ_aem_fdkxCOzRc-0vSqRGy1FtFA,,,,,,,,,true,/ig/start?source=instagram&utm_source=instagram&utm_medium=paid_social&utm_campaign=assessment_launch&campaign=assessment_launch&utm_id=120238321957240765&utm_content=120238324542200765&utm_term=120238321957250765&fbclid=PAZXh0bgNhZW0BMABhZGlkAassk6JO151zcnRjBmFwcF9pZA81NjcwNjczNDMzNTI0MjcAAac1c_V__B6dmUkfmVSlmCRv8FwsDctiJqSCkd7OSnZqE2LfQUQJvLTQuwgBKQ_aem_fdkxCOzRc-0vSqRGy1FtFA,http://m.facebook.com/,188.30.133.233,"Mozilla/5.0 (Linux; Android 13; CPH2195 Build/TP1A.220905.001; wv) AppleWebKit/537.36 (KHTML, like Gecko) Version/4.0 Chrome/145.0.7632.154 Mobile Safari/537.36 Instagram 419.0.0.49.71 Android (33/13; 408dpi; 1080x2400; OPPO; CPH2195; OP4F39L1; qcom; en_GB; 896334232; IABMV/1)","{""utm"": {""utm_term"": ""120238321957250765"", ""utm_medium"": ""paid_social"", ""utm_source"": ""instagram"", ""utm_content"": ""120238324542200765"", ""utm_campaign"": ""assessment_launch""}, ""meta"": {""fbclid"": ""PAZXh0bgNhZW0BMABhZGlkAassk6JO151zcnRjBmFwcF9pZA81NjcwNjczNDMzNTI0MjcAAac1c_V__B6dmUkfmVSlmCRv8FwsDctiJqSCkd7OSnZqE2LfQUQJvLTQuwgBKQ_aem_fdkxCOzRc-0vSqRGy1FtFA""}}",,,,2026-03-12 05:32:51.177356,2026-03-12 05:32:51.177356,1,2026-03-12 05:32:51.177356
416,,instagram,assessment_launch,instagram,paid_social,assessment_launch,120238321957250765,120238324328080765,PAZXh0bgNhZW0BMABhZGlkAassk6Jy2l1zcnRjBmFwcF9pZA81NjcwNjczNDMzNTI0MjcAAafblZnFrEX3ghNh3xrsepqD0ufBuGSodtB7BXa-YjMq2xb0zJ9RvsjopDMnDg_aem_oIz-2FYWXEoQsLBpGcaghA,,,,,,,,,true,/ig/start?source=instagram&utm_source=instagram&utm_medium=paid_social&utm_campaign=assessment_launch&campaign=assessment_launch&utm_id=120238321957240765&utm_content=120238324328080765&utm_term=120238321957250765&fbclid=PAZXh0bgNhZW0BMABhZGlkAassk6Jy2l1zcnRjBmFwcF9pZA81NjcwNjczNDMzNTI0MjcAAafblZnFrEX3ghNh3xrsepqD0ufBuGSodtB7BXa-YjMq2xb0zJ9RvsjopDMnDg_aem_oIz-2FYWXEoQsLBpGcaghA,http://instagram.com/,90.205.232.120,"Mozilla/5.0 (Linux; Android 14; SM-S918B Build/UP1A.231005.007; wv) AppleWebKit/537.36 (KHTML, like Gecko) Version/4.0 Chrome/145.0.7632.154 Mobile Safari/537.36 Instagram 419.0.0.49.71 Android (34/14; 600dpi; 1440x3088; samsung; SM-S918B; dm3q; qcom; en_GB; 896334238; IABMV/1)","{""utm"": {""utm_term"": ""120238321957250765"", ""utm_medium"": ""paid_social"", ""utm_source"": ""instagram"", ""utm_content"": ""120238324328080765"", ""utm_campaign"": ""assessment_launch""}, ""meta"": {""fbclid"": ""PAZXh0bgNhZW0BMABhZGlkAassk6Jy2l1zcnRjBmFwcF9pZA81NjcwNjczNDMzNTI0MjcAAafblZnFrEX3ghNh3xrsepqD0ufBuGSodtB7BXa-YjMq2xb0zJ9RvsjopDMnDg_aem_oIz-2FYWXEoQsLBpGcaghA""}}",,,,2026-03-12 06:11:47.47039,2026-03-12 06:11:47.47039,1,2026-03-12 06:11:47.47039
417,,instagram,assessment_launch,instagram,paid_social,assessment_launch,120238321957250765,120238324328080765,PAZXh0bgNhZW0BMABhZGlkAassk6Jy2l1zcnRjBmFwcF9pZA81NjcwNjczNDMzNTI0MjcAAady2Hw0s1EE5UkdSGgq6AYdf0uX9XG7JHwrKDtubfYm2PuGuh8Hwi89sB9Lww_aem_N5KElXC0pWT5T7g4HuG3fg,,,,,,,,,true,/ig/start?source=instagram&utm_source=instagram&utm_medium=paid_social&utm_campaign=assessment_launch&campaign=assessment_launch&utm_id=120238321957240765&utm_content=120238324328080765&utm_term=120238321957250765&fbclid=PAZXh0bgNhZW0BMABhZGlkAassk6Jy2l1zcnRjBmFwcF9pZA81NjcwNjczNDMzNTI0MjcAAady2Hw0s1EE5UkdSGgq6AYdf0uX9XG7JHwrKDtubfYm2PuGuh8Hwi89sB9Lww_aem_N5KElXC0pWT5T7g4HuG3fg,http://instagram.com/,86.189.253.189,"Mozilla/5.0 (Linux; Android 14; SM-S928B Build/UP1A.231005.007; wv) AppleWebKit/537.36 (KHTML, like Gecko) Version/4.0 Chrome/146.0.7680.141 Mobile Safari/537.36 Instagram 420.0.0.55.74 Android (34/14; 600dpi; 1440x3120; samsung; SM-S928B; e3q; qcom; en_GB; 903616139; IABMV/1)","{""utm"": {""utm_term"": ""120238321957250765"", ""utm_medium"": ""paid_social"", ""utm_source"": ""instagram"", ""utm_content"": ""120238324328080765"", ""utm_campaign"": ""assessment_launch""}, ""meta"": {""fbclid"": ""PAZXh0bgNhZW0BMABhZGlkAassk6Jy2l1zcnRjBmFwcF9pZA81NjcwNjczNDMzNTI0MjcAAady2Hw0s1EE5UkdSGgq6AYdf0uX9XG7JHwrKDtubfYm2PuGuh8Hwi89sB9Lww_aem_N5KElXC0pWT5T7g4HuG3fg""}}",,,,2026-03-12 06:12:27.98224,2026-03-12 06:12:27.98224,1,2026-03-12 06:12:27.98224
418,,instagram,assessment_launch,instagram,paid_social,assessment_launch,120238321957250765,120238324328080765,PAZXh0bgNhZW0BMABhZGlkAassk6Jy2l1zcnRjBmFwcF9pZA81NjcwNjczNDMzNTI0MjcAAac4iZfJZn9HbNIG-UTq6X82fknpwrdG0OQg0rHiPb7NXecy3UNsn2Bj9ogTVw_aem_JQGUyaXdAo4LhDmLI8LvGg,,,,,,,,,true,/ig/start?source=instagram&utm_source=instagram&utm_medium=paid_social&utm_campaign=assessment_launch&campaign=assessment_launch&utm_id=120238321957240765&utm_content=120238324328080765&utm_term=120238321957250765&fbclid=PAZXh0bgNhZW0BMABhZGlkAassk6Jy2l1zcnRjBmFwcF9pZA81NjcwNjczNDMzNTI0MjcAAac4iZfJZn9HbNIG-UTq6X82fknpwrdG0OQg0rHiPb7NXecy3UNsn2Bj9ogTVw_aem_JQGUyaXdAo4LhDmLI8LvGg,http://instagram.com/,92.40.188.82,"Mozilla/5.0 (Linux; Android 16; SM-S938B Build/BP2A.250605.031.A3; wv) AppleWebKit/537.36 (KHTML, like Gecko) Version/4.0 Chrome/145.0.7632.154 Mobile Safari/537.36 Instagram 419.0.0.49.71 Android (36/16; 450dpi; 1080x2340; samsung; SM-S938B; pa3q; qcom; en_GB; 896334232; IABMV/1) NV/5","{""utm"": {""utm_term"": ""120238321957250765"", ""utm_medium"": ""paid_social"", ""utm_source"": ""instagram"", ""utm_content"": ""120238324328080765"", ""utm_campaign"": ""assessment_launch""}, ""meta"": {""fbclid"": ""PAZXh0bgNhZW0BMABhZGlkAassk6Jy2l1zcnRjBmFwcF9pZA81NjcwNjczNDMzNTI0MjcAAac4iZfJZn9HbNIG-UTq6X82fknpwrdG0OQg0rHiPb7NXecy3UNsn2Bj9ogTVw_aem_JQGUyaXdAo4LhDmLI8LvGg""}}",,,,2026-03-12 06:14:24.367699,2026-03-12 06:14:24.367699,1,2026-03-12 06:14:24.367699
419,,instagram,assessment_launch,instagram,paid_social,assessment_launch,120238321957250765,120238324328080765,PAZXh0bgNhZW0BMABhZGlkAassk6Jy2l1zcnRjBmFwcF9pZA81NjcwNjczNDMzNTI0MjcAAac4iZfJZn9HbNIG-UTq6X82fknpwrdG0OQg0rHiPb7NXecy3UNsn2Bj9ogTVw_aem_JQGUyaXdAo4LhDmLI8LvGg,,,,,,,,,true,/ig/start?source=instagram&utm_source=instagram&utm_medium=paid_social&utm_campaign=assessment_launch&campaign=assessment_launch&utm_id=120238321957240765&utm_content=120238324328080765&utm_term=120238321957250765&fbclid=PAZXh0bgNhZW0BMABhZGlkAassk6Jy2l1zcnRjBmFwcF9pZA81NjcwNjczNDMzNTI0MjcAAac4iZfJZn9HbNIG-UTq6X82fknpwrdG0OQg0rHiPb7NXecy3UNsn2Bj9ogTVw_aem_JQGUyaXdAo4LhDmLI8LvGg,http://instagram.com/,92.40.188.82,"Mozilla/5.0 (Linux; Android 16; SM-S938B Build/BP2A.250605.031.A3; wv) AppleWebKit/537.36 (KHTML, like Gecko) Version/4.0 Chrome/145.0.7632.154 Mobile Safari/537.36 Instagram 419.0.0.49.71 Android (36/16; 450dpi; 1080x2340; samsung; SM-S938B; pa3q; qcom; en_GB; 896334232; IABMV/1)","{""utm"": {""utm_term"": ""120238321957250765"", ""utm_medium"": ""paid_social"", ""utm_source"": ""instagram"", ""utm_content"": ""120238324328080765"", ""utm_campaign"": ""assessment_launch""}, ""meta"": {""fbclid"": ""PAZXh0bgNhZW0BMABhZGlkAassk6Jy2l1zcnRjBmFwcF9pZA81NjcwNjczNDMzNTI0MjcAAac4iZfJZn9HbNIG-UTq6X82fknpwrdG0OQg0rHiPb7NXecy3UNsn2Bj9ogTVw_aem_JQGUyaXdAo4LhDmLI8LvGg""}}",,,,2026-03-12 06:14:27.568459,2026-03-12 06:14:27.568459,1,2026-03-12 06:14:27.568459
420,,instagram,assessment_launch,instagram,paid_social,assessment_launch,120238321957250765,120238324328080765,PAZXh0bgNhZW0BMABhZGlkAassk6Jy2l1zcnRjBmFwcF9pZA8xMjQwMjQ1NzQyODc0MTQAAacPq0v8iIN1F2uqIA6H1wkSDZQLPw_z0LS-UBEafPxaUbVm1aozraUo6-d7mQ_aem_I_LkuRGMwltoxlzIr3Z6JQ,,,,,,,,,true,/ig/start?source=instagram&utm_source=instagram&utm_medium=paid_social&utm_campaign=assessment_launch&campaign=assessment_launch&utm_id=120238321957240765&utm_content=120238324328080765&utm_term=120238321957250765&fbclid=PAZXh0bgNhZW0BMABhZGlkAassk6Jy2l1zcnRjBmFwcF9pZA8xMjQwMjQ1NzQyODc0MTQAAacPq0v8iIN1F2uqIA6H1wkSDZQLPw_z0LS-UBEafPxaUbVm1aozraUo6-d7mQ_aem_I_LkuRGMwltoxlzIr3Z6JQ,,86.145.92.157,"Mozilla/5.0 (iPhone; CPU iPhone OS 18_7 like Mac OS X) AppleWebKit/605.1.15 (KHTML, like Gecko) Mobile/23D8133 Instagram 414.0.0.23.79 (iPhone15,5; iOS 26_3_1; en_GB; en-GB; scale=3.00; 1290x2796; IABMV/1; 868652560) Safari/604.1","{""utm"": {""utm_term"": ""120238321957250765"", ""utm_medium"": ""paid_social"", ""utm_source"": ""instagram"", ""utm_content"": ""120238324328080765"", ""utm_campaign"": ""assessment_launch""}, ""meta"": {""fbclid"": ""PAZXh0bgNhZW0BMABhZGlkAassk6Jy2l1zcnRjBmFwcF9pZA8xMjQwMjQ1NzQyODc0MTQAAacPq0v8iIN1F2uqIA6H1wkSDZQLPw_z0LS-UBEafPxaUbVm1aozraUo6-d7mQ_aem_I_LkuRGMwltoxlzIr3Z6JQ""}}",,,,2026-03-12 06:31:21.555242,2026-03-12 06:31:21.555242,1,2026-03-12 06:31:21.555242
421,,instagram,assessment_launch,instagram,paid_social,assessment_launch,120238321957250765,120238324328080765,PAZXh0bgNhZW0BMABhZGlkAassk6Jy2l1zcnRjBmFwcF9pZA81NjcwNjczNDMzNTI0MjcAAaelXht04RGfIDnBPUryqVZRgVHLS3GbD7nesF_mv28SpmFtfYIclP5us7I6OA_aem_ma8W_OZyvdvavHwkd6q-dw,,,,,,,,,true,/ig/start?source=instagram&utm_source=instagram&utm_medium=paid_social&utm_campaign=assessment_launch&campaign=assessment_launch&utm_id=120238321957240765&utm_content=120238324328080765&utm_term=120238321957250765&fbclid=PAZXh0bgNhZW0BMABhZGlkAassk6Jy2l1zcnRjBmFwcF9pZA81NjcwNjczNDMzNTI0MjcAAaelXht04RGfIDnBPUryqVZRgVHLS3GbD7nesF_mv28SpmFtfYIclP5us7I6OA_aem_ma8W_OZyvdvavHwkd6q-dw,http://instagram.com/,2.120.70.225,"Mozilla/5.0 (Linux; Android 15; ABR-NX1 Build/HONORABR-N31; wv) AppleWebKit/537.36 (KHTML, like Gecko) Version/4.0 Chrome/145.0.7632.154 Mobile Safari/537.36 Instagram 419.0.0.49.71 Android (35/15; 480dpi; 1080x2412; HONOR; ABR-NX1; HNABR-M; mt6855; en_GB; 896334232; IABMV/1) NV/7","{""utm"": {""utm_term"": ""120238321957250765"", ""utm_medium"": ""paid_social"", ""utm_source"": ""instagram"", ""utm_content"": ""120238324328080765"", ""utm_campaign"": ""assessment_launch""}, ""meta"": {""fbclid"": ""PAZXh0bgNhZW0BMABhZGlkAassk6Jy2l1zcnRjBmFwcF9pZA81NjcwNjczNDMzNTI0MjcAAaelXht04RGfIDnBPUryqVZRgVHLS3GbD7nesF_mv28SpmFtfYIclP5us7I6OA_aem_ma8W_OZyvdvavHwkd6q-dw""}}",,,,2026-03-12 06:42:55.164674,2026-03-12 06:42:55.164674,1,2026-03-12 06:42:55.164674
422,,instagram,assessment_launch,instagram,paid_social,assessment_launch,120238321957250765,120238324328080765,PAZXh0bgNhZW0BMABhZGlkAassk6Jy2l1zcnRjBmFwcF9pZA81NjcwNjczNDMzNTI0MjcAAadYwwzCMdTS5yxMT-Lphq13ivtz1pZit3_m1M69YZAT1e8c6Am4rzqtDcsJXQ_aem_DU9zSxgh7g6nc0g5SmGXcA,,,,,,,,,true,/ig/start?source=instagram&utm_source=instagram&utm_medium=paid_social&utm_campaign=assessment_launch&campaign=assessment_launch&utm_id=120238321957240765&utm_content=120238324328080765&utm_term=120238321957250765&fbclid=PAZXh0bgNhZW0BMABhZGlkAassk6Jy2l1zcnRjBmFwcF9pZA81NjcwNjczNDMzNTI0MjcAAadYwwzCMdTS5yxMT-Lphq13ivtz1pZit3_m1M69YZAT1e8c6Am4rzqtDcsJXQ_aem_DU9zSxgh7g6nc0g5SmGXcA,http://instagram.com/,82.28.150.212,"Mozilla/5.0 (Linux; Android 15; A063 Build/AQ3A.240929.001; wv) AppleWebKit/537.36 (KHTML, like Gecko) Version/4.0 Chrome/145.0.7632.154 Mobile Safari/537.36 Instagram 419.0.0.49.71 Android (35/15; 420dpi; 1080x2400; Nothing; A063; Spacewar; qcom; en_GB; 896334170; IABMV/1)","{""utm"": {""utm_term"": ""120238321957250765"", ""utm_medium"": ""paid_social"", ""utm_source"": ""instagram"", ""utm_content"": ""120238324328080765"", ""utm_campaign"": ""assessment_launch""}, ""meta"": {""fbclid"": ""PAZXh0bgNhZW0BMABhZGlkAassk6Jy2l1zcnRjBmFwcF9pZA81NjcwNjczNDMzNTI0MjcAAadYwwzCMdTS5yxMT-Lphq13ivtz1pZit3_m1M69YZAT1e8c6Am4rzqtDcsJXQ_aem_DU9zSxgh7g6nc0g5SmGXcA""}}",,,,2026-03-12 06:50:02.461965,2026-03-12 06:50:02.461965,1,2026-03-12 06:50:02.461965